user_id,Recency,Frequency,Monetary,R_Score,F_Score,M_Score,Segment
457360398,0,1,51.46,2,2,1,Loyal
469200473,0,1,615.56,2,2,2,Champion
477366703,0,1,40.39,2,2,1,Loyal
502469352,0,1,772.19,2,2,2,Champion
504429960,0,1,275.66,2,2,2,Champion
512364387,0,1,161.93,2,2,1,Loyal
512365496,0,1,1415.48,2,2,2,Champion
512365722,0,1,1413.16,2,2,2,Champion
512366272,0,1,179.67,2,2,1,Loyal
512367528,0,1,56.6,2,2,1,Loyal
512370660,0,1,118.33,2,2,1,Loyal
512371767,0,1,962.02,2,2,2,Champion
512372458,0,1,257.38,2,2,2,Champion
512372746,0,1,388.68,2,2,2,Champion
512373231,0,1,253.31,2,2,1,Loyal
512374444,0,1,513.81,2,2,2,Champion
512375245,0,1,376.85,2,2,2,Champion
512375543,0,1,130.73,2,2,1,Loyal
512375719,0,1,174.75,2,2,1,Loyal
512376264,0,3,594.2,2,2,2,Champion
512377624,0,1,90.35,2,2,1,Loyal
512378897,0,1,278.23,2,2,2,Champion
512379753,0,1,254.26,2,2,1,Loyal
512379865,0,4,4342.16,2,2,2,Champion
512381263,0,1,975.57,2,2,2,Champion
512381662,0,2,573.72,2,2,2,Champion
512382536,0,3,1392.18,2,2,2,Champion
512382808,0,1,286.35,2,2,2,Champion
512382879,0,1,174.45,2,2,1,Loyal
512383304,0,1,17.99,2,2,1,Loyal
512383347,0,2,174.94,2,2,1,Loyal
512383542,0,1,308.86,2,2,2,Champion
512384348,0,1,739.81,2,2,2,Champion
512384407,0,1,253.31,2,2,1,Loyal
512386040,0,1,258.18,2,2,2,Champion
512386086,0,6,3968.5299999999997,2,2,2,Champion
512388143,0,1,130.7,2,2,1,Loyal
512388375,0,1,66.61,2,2,1,Loyal
512390516,0,1,16.71,2,2,1,Loyal
512395614,0,1,257.38,2,2,2,Champion
512396251,0,1,161.93,2,2,1,Loyal
512396356,0,1,1415.48,2,2,2,Champion
512397411,0,1,247.08,2,2,1,Loyal
512397505,0,1,111.79,2,2,1,Loyal
512398680,0,1,248.89,2,2,1,Loyal
512400636,0,1,514.76,2,2,2,Champion
512400731,0,1,51.46,2,2,1,Loyal
512403922,0,1,470.77,2,2,2,Champion
512405445,0,1,150.7,2,2,1,Loyal
512406501,0,1,22.39,2,2,1,Loyal
512407916,0,1,154.36,2,2,1,Loyal
512409624,0,2,1476.78,2,2,2,Champion
512410097,0,1,794.59,2,2,2,Champion
512410187,0,2,136.33,2,2,1,Loyal
512411061,0,1,154.41,2,2,1,Loyal
512411193,0,1,185.7,2,2,1,Loyal
512412072,0,1,175.83,2,2,1,Loyal
512412240,0,1,738.61,2,2,2,Champion
512412385,0,1,571.56,2,2,2,Champion
512412404,0,1,37.81,2,2,1,Loyal
512413161,0,2,2830.96,2,2,2,Champion
512415231,0,1,203.35,2,2,1,Loyal
512416118,0,1,102.61,2,2,1,Loyal
512416959,0,1,810.81,2,2,2,Champion
512420304,0,2,612.0699999999999,2,2,2,Champion
512421900,0,1,77.1,2,2,1,Loyal
512422698,0,1,64.32,2,2,1,Loyal
512429451,0,1,174.75,2,2,1,Loyal
512430293,0,1,128.68,2,2,1,Loyal
512430531,0,1,134.41,2,2,1,Loyal
512430537,0,1,96.53,2,2,1,Loyal
512432743,0,1,282.89,2,2,2,Champion
512434100,0,1,20.34,2,2,1,Loyal
512434925,0,1,746.29,2,2,2,Champion
512435480,0,1,48.88,2,2,1,Loyal
512438548,0,1,19.92,2,2,1,Loyal
512438969,0,1,975.57,2,2,2,Champion
512438972,0,1,296.62,2,2,2,Champion
512441949,0,1,91.12,2,2,1,Loyal
512444423,0,1,95.21,2,2,1,Loyal
512444876,0,1,161.93,2,2,1,Loyal
512446281,0,1,161.93,2,2,1,Loyal
512446893,0,1,100.12,2,2,1,Loyal
512448158,0,1,33.2,2,2,1,Loyal
512449423,0,4,2779.2,2,2,2,Champion
512452768,0,2,50.13,2,2,1,Loyal
512454070,0,1,248.62,2,2,1,Loyal
512455885,0,1,130.62,2,2,1,Loyal
512458001,0,1,1184.05,2,2,2,Champion
512460611,0,1,95.21,2,2,1,Loyal
512461237,0,1,746.48,2,2,2,Champion
512461742,0,1,642.95,2,2,2,Champion
512463653,0,8,2126.98,2,2,2,Champion
512465881,0,1,733.81,2,2,2,Champion
512466905,0,1,45.02,2,2,1,Loyal
512468343,0,1,174.46,2,2,1,Loyal
512470332,0,1,286.86,2,2,2,Champion
512470389,0,1,17.48,2,2,1,Loyal
512470550,0,1,64.08,2,2,1,Loyal
512472121,0,1,154.42,2,2,1,Loyal
512472253,0,1,157.02,2,2,1,Loyal
512478069,0,5,501.95,2,2,2,Champion
512483681,0,1,975.56,2,2,2,Champion
512484189,0,1,177.44,2,2,1,Loyal
512486232,0,1,90.35,2,2,1,Loyal
512486566,0,1,120.46,2,2,1,Loyal
512488102,0,1,10.27,2,2,1,Loyal
512494095,0,1,174.75,2,2,1,Loyal
512495126,0,1,130.7,2,2,1,Loyal
512496329,0,1,174.45,2,2,1,Loyal
512496820,0,1,85.81,2,2,1,Loyal
512496917,0,1,33.44,2,2,1,Loyal
512496956,0,1,102.73,2,2,1,Loyal
512502641,0,2,388.9,2,2,2,Champion
512503442,0,1,566.01,2,2,2,Champion
512504770,0,3,446.45,2,2,2,Champion
512506900,0,1,604.88,2,2,2,Champion
512509669,0,1,38.59,2,2,1,Loyal
512511358,0,1,957.53,2,2,2,Champion
512511685,0,1,36.03,2,2,1,Loyal
512512039,0,1,180.16,2,2,1,Loyal
512517447,0,1,946.97,2,2,2,Champion
512519745,0,1,79.77,2,2,1,Loyal
512524945,0,1,249.43,2,2,1,Loyal
512525172,0,1,587.53,2,2,2,Champion
512525566,0,1,310.37,2,2,2,Champion
512525656,0,1,253.33,2,2,1,Loyal
512529030,0,2,1515.78,2,2,2,Champion
512532616,0,1,241.18,2,2,1,Loyal
512534259,0,1,64.32,2,2,1,Loyal
512538316,0,1,1415.48,2,2,2,Champion
512541744,0,1,295.49,2,2,2,Champion
512542465,0,2,66.74,2,2,1,Loyal
512543662,0,1,975.56,2,2,2,Champion
512545649,0,1,1067.92,2,2,2,Champion
512549794,0,1,113.23,2,2,1,Loyal
512550575,0,1,141.86,2,2,1,Loyal
512552525,0,1,383.51,2,2,2,Champion
512552910,0,1,553.24,2,2,2,Champion
512554052,0,2,326.84999999999997,2,2,2,Champion
512556357,0,1,515.67,2,2,2,Champion
512559007,0,1,25.71,2,2,1,Loyal
512565798,0,1,41.16,2,2,1,Loyal
512566413,0,1,56.6,2,2,1,Loyal
512566763,0,1,735.01,2,2,2,Champion
512567193,0,1,51.46,2,2,1,Loyal
512567480,0,1,102.71,2,2,1,Loyal
512569389,0,1,109.91,2,2,1,Loyal
512571278,0,1,154.39,2,2,1,Loyal
512571507,0,1,28.29,2,2,1,Loyal
512577020,0,1,710.25,2,2,2,Champion
512577810,0,1,254.76,2,2,2,Champion
512578345,0,1,200.52,2,2,1,Loyal
512579702,0,1,100.36,2,2,1,Loyal
512579739,0,1,258.18,2,2,2,Champion
512584306,0,1,189.26,2,2,1,Loyal
512586496,0,2,759.38,2,2,2,Champion
512590167,0,1,419.6,2,2,2,Champion
512590290,0,1,734.81,2,2,2,Champion
512592316,0,2,372.19,2,2,2,Champion
512593281,0,1,174.78,2,2,1,Loyal
512597740,0,1,69.24,2,2,1,Loyal
512602357,0,1,230.89,2,2,1,Loyal
512604234,0,1,49.16,2,2,1,Loyal
512606766,0,3,1002.28,2,2,2,Champion
512607090,0,1,134.42,2,2,1,Loyal
512607231,0,1,74.39,2,2,1,Loyal
512608150,0,1,642.69,2,2,2,Champion
512610545,0,1,946.97,2,2,2,Champion
512612290,0,1,738.61,2,2,2,Champion
512617841,0,1,975.57,2,2,2,Champion
512620656,0,2,1368.88,2,2,2,Champion
512622694,0,1,27.52,2,2,1,Loyal
512623349,0,9,1081.04,2,2,2,Champion
512630413,0,1,838.89,2,2,2,Champion
512631380,0,2,323.86,2,2,2,Champion
512631788,0,1,138.46,2,2,1,Loyal
512632624,0,1,46.31,2,2,1,Loyal
512633301,0,1,286.86,2,2,2,Champion
512634495,0,1,211.05,2,2,1,Loyal
512641799,0,1,99.03,2,2,1,Loyal
512642715,0,1,17.25,2,2,1,Loyal
512643994,0,1,1029.6,2,2,2,Champion
512644482,0,1,98.84,2,2,1,Loyal
512645161,0,1,734.81,2,2,2,Champion
512656066,0,1,254.26,2,2,1,Loyal
512662594,0,1,153.04,2,2,1,Loyal
512669743,0,1,514.76,2,2,2,Champion
512681805,0,4,1440.3,2,2,2,Champion
512682014,0,1,254.82,2,2,2,Champion
512686148,0,1,1746.89,2,2,2,Champion
512686308,0,1,1052.79,2,2,2,Champion
512693976,0,1,254.76,2,2,2,Champion
512694472,0,1,12.15,2,2,1,Loyal
512696270,0,2,371.40999999999997,2,2,2,Champion
512698305,0,1,241.18,2,2,1,Loyal
512702010,0,2,573.72,2,2,2,Champion
512702728,0,1,179.35,2,2,1,Loyal
512704409,0,1,70.02,2,2,1,Loyal
512704733,0,1,254.26,2,2,1,Loyal
512704812,0,1,388.81,2,2,2,Champion
512707941,0,1,161.93,2,2,1,Loyal
512710531,0,1,51.2,2,2,1,Loyal
512711336,0,2,1876.24,2,2,2,Champion
512711622,0,1,23.4,2,2,1,Loyal
512715329,0,1,174.45,2,2,1,Loyal
512715431,0,1,1402.87,2,2,2,Champion
512716730,0,1,177.44,2,2,1,Loyal
512718177,0,2,565.45,2,2,2,Champion
512719239,0,1,22.91,2,2,1,Loyal
512723664,0,4,407.32,2,2,2,Champion
512724599,0,1,258.18,2,2,2,Champion
512724942,0,1,154.38,2,2,1,Loyal
512725309,0,1,453.27,2,2,2,Champion
512728536,0,1,254.76,2,2,2,Champion
512730342,0,2,509.64,2,2,2,Champion
512730829,0,11,3006.66,2,2,2,Champion
512732166,0,1,738.61,2,2,2,Champion
512734021,0,1,118.15,2,2,1,Loyal
512736046,0,3,1029.4,2,2,2,Champion
512737133,0,1,130.76,2,2,1,Loyal
512737931,0,2,64.78999999999999,2,2,1,Loyal
512740905,0,1,808.27,2,2,2,Champion
512741964,0,1,957.53,2,2,2,Champion
512742880,0,2,1319.9299999999998,2,2,2,Champion
512743018,0,1,90.35,2,2,1,Loyal
512743510,0,1,871.06,2,2,2,Champion
512748362,0,1,733.92,2,2,2,Champion
512755967,0,1,174.45,2,2,1,Loyal
512756068,0,1,514.76,2,2,2,Champion
512757372,0,1,637.85,2,2,2,Champion
512758113,0,1,101.65,2,2,1,Loyal
512758756,0,1,157.28,2,2,1,Loyal
512759212,0,1,511.71,2,2,2,Champion
512760574,0,1,1052.79,2,2,2,Champion
512760937,0,1,514.76,2,2,2,Champion
512762688,0,1,51.97,2,2,1,Loyal
512767671,0,1,463.31,2,2,2,Champion
512771845,0,1,231.41,2,2,1,Loyal
512773487,0,1,314.53,2,2,2,Champion
512775746,0,1,46.33,2,2,1,Loyal
512776116,0,3,1929.69,2,2,2,Champion
512776621,0,1,17.48,2,2,1,Loyal
512776721,0,2,475.15999999999997,2,2,2,Champion
512777909,0,2,383.23,2,2,2,Champion
512778902,0,1,7.7,2,2,1,Loyal
512778916,0,3,1196.85,2,2,2,Champion
512779469,0,1,164.74,2,2,1,Loyal
512781091,0,1,710.25,2,2,2,Champion
512782039,0,1,1619.09,2,2,2,Champion
512782078,0,1,348.53,2,2,2,Champion
512782238,0,1,169.86,2,2,1,Loyal
512782660,0,1,385.85,2,2,2,Champion
512782957,0,2,380.19,2,2,2,Champion
512783871,0,1,130.7,2,2,1,Loyal
512784779,0,1,787.11,2,2,2,Champion
512786896,0,1,1887.05,2,2,2,Champion
512789640,0,1,254.76,2,2,2,Champion
512791557,0,1,587.56,2,2,2,Champion
512793062,0,1,48.88,2,2,1,Loyal
512796329,0,2,824.14,2,2,2,Champion
512796618,0,1,203.35,2,2,1,Loyal
512796913,0,1,1413.16,2,2,2,Champion
512797435,0,1,241.18,2,2,1,Loyal
512799061,0,1,133.81,2,2,1,Loyal
512800723,0,1,571.56,2,2,2,Champion
512809060,0,3,2447.77,2,2,2,Champion
512809666,0,1,1747.79,2,2,2,Champion
512810757,0,1,14.13,2,2,1,Loyal
512812487,0,1,111.82,2,2,1,Loyal
512812606,0,1,734.81,2,2,2,Champion
512815726,0,1,25.97,2,2,1,Loyal
512818320,0,1,1206.78,2,2,2,Champion
512818649,0,1,127.05,2,2,1,Loyal
512820831,0,1,178.9,2,2,1,Loyal
512822261,0,1,40.67,2,2,1,Loyal
512822550,0,1,120.45,2,2,1,Loyal
512822750,0,1,470.77,2,2,2,Champion
512825982,0,1,388.43,2,2,2,Champion
512826660,0,2,261.52,2,2,2,Champion
512827762,0,2,2024.38,2,2,2,Champion
512828590,0,1,486.5,2,2,2,Champion
512829199,0,2,507.57,2,2,2,Champion
512831425,0,1,464.06,2,2,2,Champion
512834472,0,2,417.56,2,2,2,Champion
512836766,0,1,241.18,2,2,1,Loyal
512837242,0,2,1492.58,2,2,2,Champion
512838351,0,1,759.06,2,2,2,Champion
512840324,0,1,130.76,2,2,1,Loyal
512840336,0,1,61.75,2,2,1,Loyal
512845211,0,2,1051.59,2,2,2,Champion
512846033,0,1,89.83,2,2,1,Loyal
512847159,0,1,295.49,2,2,2,Champion
512848468,0,3,1106.38,2,2,2,Champion
512850441,0,9,8407.22,2,2,2,Champion
512851108,0,1,185.71,2,2,1,Loyal
512851410,0,1,61.52,2,2,1,Loyal
512853313,0,1,38.59,2,2,1,Loyal
512856395,0,2,2043.25,2,2,2,Champion
512856820,0,1,189.82,2,2,1,Loyal
512857521,0,1,579.16,2,2,2,Champion
512861311,0,1,203.74,2,2,1,Loyal
512862910,0,1,135.14,2,2,1,Loyal
512865085,0,1,161.93,2,2,1,Loyal
512865417,0,1,185.71,2,2,1,Loyal
512866722,0,1,146.46,2,2,1,Loyal
512866723,0,3,1005.19,2,2,2,Champion
512867484,0,1,694.97,2,2,2,Champion
512867966,0,1,179.39,2,2,1,Loyal
512870255,0,10,5607.95,2,2,2,Champion
512873979,0,1,39.9,2,2,1,Loyal
512874070,0,1,185.7,2,2,1,Loyal
512875998,0,5,3730.02,2,2,2,Champion
512876597,0,1,118.33,2,2,1,Loyal
512877121,0,2,305.51,2,2,2,Champion
512878155,0,1,254.26,2,2,1,Loyal
512880156,0,1,437.39,2,2,2,Champion
512882545,0,1,185.71,2,2,1,Loyal
512885100,0,1,514.79,2,2,2,Champion
512889773,0,1,167.31,2,2,1,Loyal
512890132,0,1,90.07,2,2,1,Loyal
512890223,0,1,17.25,2,2,1,Loyal
512892460,0,1,1413.16,2,2,2,Champion
512893583,0,1,733.81,2,2,2,Champion
512894631,0,1,231.64,2,2,1,Loyal
512897536,0,1,360.08,2,2,2,Champion
512904025,0,1,39.05,2,2,1,Loyal
512905134,0,1,1286.75,2,2,2,Champion
512906628,0,1,115.55,2,2,1,Loyal
512906702,0,1,203.35,2,2,1,Loyal
512907792,0,1,145.41,2,2,1,Loyal
512908158,0,1,130.73,2,2,1,Loyal
512910051,0,1,388.43,2,2,2,Champion
512910497,0,1,177.44,2,2,1,Loyal
512911135,0,1,103.08,2,2,1,Loyal
512913620,0,1,179.39,2,2,1,Loyal
512919823,0,1,97.27,2,2,1,Loyal
512921553,0,1,161.93,2,2,1,Loyal
512924112,0,1,360.08,2,2,2,Champion
512925196,0,1,1415.48,2,2,2,Champion
512928343,0,1,422.09,2,2,2,Champion
512930759,0,1,339.75,2,2,2,Champion
512931979,0,3,560.24,2,2,2,Champion
512933004,0,1,254.76,2,2,2,Champion
512935711,0,1,419.6,2,2,2,Champion
512938355,0,2,1470.02,2,2,2,Champion
512938482,0,1,48.88,2,2,1,Loyal
512938516,0,1,1052.79,2,2,2,Champion
512941112,0,1,61.38,2,2,1,Loyal
512941360,0,1,8.88,2,2,1,Loyal
512943544,0,1,963.27,2,2,2,Champion
512944863,0,1,339.75,2,2,2,Champion
512946423,0,2,1911.99,2,2,2,Champion
512946579,0,1,130.76,2,2,1,Loyal
512946888,0,1,140.85,2,2,1,Loyal
512951198,0,1,71.79,2,2,1,Loyal
512953546,0,1,419.55,2,2,2,Champion
512956141,0,1,110.34,2,2,1,Loyal
512957071,0,1,130.7,2,2,1,Loyal
512957391,0,1,130.7,2,2,1,Loyal
512957718,0,1,110.66,2,2,1,Loyal
512960541,0,1,464.06,2,2,2,Champion
512962346,0,2,2002.62,2,2,2,Champion
512963820,0,1,185.71,2,2,1,Loyal
512963843,0,1,1205.18,2,2,2,Champion
512966870,0,1,36.01,2,2,1,Loyal
512968794,0,1,368.04,2,2,2,Champion
512969461,0,1,80.57,2,2,1,Loyal
512970079,0,1,254.76,2,2,2,Champion
512971084,0,1,360.08,2,2,2,Champion
512972772,0,1,1413.16,2,2,2,Champion
512973929,0,3,330.71999999999997,2,2,2,Champion
512975335,0,3,5891.99,2,2,2,Champion
512975726,0,1,169.37,2,2,1,Loyal
512976799,0,1,514.76,2,2,2,Champion
512977906,0,1,286.86,2,2,2,Champion
512978744,0,1,257.2,2,2,2,Champion
512984134,0,4,1302.71,2,2,2,Champion
512987599,0,2,358.72,2,2,2,Champion
512988697,0,2,594.8399999999999,2,2,2,Champion
512989888,0,1,464.06,2,2,2,Champion
512990575,0,1,23.14,2,2,1,Loyal
512992612,0,1,464.06,2,2,2,Champion
512996475,0,1,304.25,2,2,2,Champion
513001056,0,1,174.75,2,2,1,Loyal
513004489,0,1,259.98,2,2,2,Champion
513006072,0,1,975.57,2,2,2,Champion
513008250,0,1,254.32,2,2,1,Loyal
513008306,0,1,171.56,2,2,1,Loyal
513009213,0,1,257.38,2,2,2,Champion
513009633,0,1,24.45,2,2,1,Loyal
513012458,0,1,592.01,2,2,2,Champion
513013628,0,1,386.08,2,2,2,Champion
513014567,0,1,818.53,2,2,2,Champion
513018321,0,1,26.9,2,2,1,Loyal
513021858,0,1,975.57,2,2,2,Champion
513029668,0,1,64.33,2,2,1,Loyal
513030712,0,1,41.16,2,2,1,Loyal
513032757,0,1,29.6,2,2,1,Loyal
513034059,0,1,772.19,2,2,2,Champion
513035059,0,1,1184.05,2,2,2,Champion
513040148,0,1,346.98,2,2,2,Champion
513040825,0,1,46.31,2,2,1,Loyal
513044965,0,4,5661.92,2,2,2,Champion
513046742,0,2,1844.59,2,2,2,Champion
513047987,0,1,1012.19,2,2,2,Champion
513051932,0,1,8.88,2,2,1,Loyal
513052010,0,1,174.78,2,2,1,Loyal
513054294,0,1,197.43,2,2,1,Loyal
513055587,0,1,975.57,2,2,2,Champion
513055962,0,1,975.56,2,2,2,Champion
513057002,0,3,887.28,2,2,2,Champion
513058138,0,1,1402.87,2,2,2,Champion
513062867,0,3,110.11,2,2,1,Loyal
513063061,0,2,102.44,2,2,1,Loyal
513064955,0,1,64.33,2,2,1,Loyal
513067413,0,1,733.81,2,2,2,Champion
513068622,0,3,1929.3,2,2,2,Champion
513068869,0,3,5328.33,2,2,2,Champion
513070281,0,2,172.42,2,2,1,Loyal
513070654,0,1,150.7,2,2,1,Loyal
513075253,0,1,486.47,2,2,2,Champion
513075745,0,2,934.8299999999999,2,2,2,Champion
513080145,0,2,259.46999999999997,2,2,2,Champion
513085940,0,1,22.39,2,2,1,Loyal
513088122,0,1,311.81,2,2,2,Champion
513089984,0,3,925.89,2,2,2,Champion
513096118,0,1,241.71,2,2,1,Loyal
513096787,0,1,174.45,2,2,1,Loyal
513100682,0,1,975.56,2,2,2,Champion
513101632,0,1,29.58,2,2,1,Loyal
513114559,0,1,25.66,2,2,1,Loyal
513115291,0,1,130.7,2,2,1,Loyal
513117637,0,1,1181.5,2,2,2,Champion
513118339,0,1,1747.79,2,2,2,Champion
513119922,0,1,286.35,2,2,2,Champion
513124019,0,1,161.93,2,2,1,Loyal
513125274,0,1,82.29,2,2,1,Loyal
513126922,0,1,397.95,2,2,2,Champion
513127060,0,1,1209.53,2,2,2,Champion
513128416,0,1,66.67,2,2,1,Loyal
513130370,0,1,28.03,2,2,1,Loyal
513135386,0,2,102.4,2,2,1,Loyal
513139436,0,1,745.67,2,2,2,Champion
513140151,0,1,42.19,2,2,1,Loyal
513142431,0,1,1042.92,2,2,2,Champion
513152827,0,1,43.73,2,2,1,Loyal
513157728,0,1,231.64,2,2,1,Loyal
513161483,0,1,1747.79,2,2,2,Champion
513164300,0,1,241.18,2,2,1,Loyal
513166055,0,2,384.96,2,2,2,Champion
513166167,0,1,57.92,2,2,1,Loyal
513169330,0,1,161.93,2,2,1,Loyal
513172531,0,2,169.88,2,2,1,Loyal
513176056,0,1,22.39,2,2,1,Loyal
513177349,0,1,241.18,2,2,1,Loyal
513177564,0,1,383.51,2,2,2,Champion
513177566,0,2,1807.82,2,2,2,Champion
513178210,0,1,321.76,2,2,2,Champion
513180300,0,1,64.08,2,2,1,Loyal
513183830,0,1,83.63,2,2,1,Loyal
513183949,0,1,161.93,2,2,1,Loyal
513185453,0,2,541.62,2,2,2,Champion
513191579,0,1,130.7,2,2,1,Loyal
513193230,0,1,368.04,2,2,2,Champion
513193446,0,1,377.09,2,2,2,Champion
513193474,0,1,285.69,2,2,2,Champion
513197276,0,1,1029.37,2,2,2,Champion
513197717,0,1,864.63,2,2,2,Champion
513201640,0,1,150.7,2,2,1,Loyal
513202804,0,1,189.82,2,2,1,Loyal
513204280,0,1,28.29,2,2,1,Loyal
513207029,0,1,370.41,2,2,2,Champion
513207524,0,1,159.69,2,2,1,Loyal
513210353,0,1,254.76,2,2,2,Champion
513210754,0,1,17.48,2,2,1,Loyal
513210934,0,1,56.6,2,2,1,Loyal
513211485,0,2,1029.52,2,2,2,Champion
513211921,0,2,44.78,2,2,1,Loyal
513216014,0,1,130.76,2,2,1,Loyal
513218193,0,1,25.71,2,2,1,Loyal
513219287,0,1,1184.05,2,2,2,Champion
513219960,0,1,183.79,2,2,1,Loyal
513223953,0,1,1205.23,2,2,2,Champion
513225654,0,1,254.76,2,2,2,Champion
513226959,0,1,72.1,2,2,1,Loyal
513229396,0,1,197.43,2,2,1,Loyal
513229620,0,1,30.86,2,2,1,Loyal
513236349,0,1,33.44,2,2,1,Loyal
513242371,0,1,1052.79,2,2,2,Champion
513245394,0,1,1012.77,2,2,2,Champion
513246192,0,1,581.22,2,2,2,Champion
513250205,0,1,41.16,2,2,1,Loyal
513250707,0,1,321.5,2,2,2,Champion
513253016,0,2,1467.62,2,2,2,Champion
513254174,0,5,863.44,2,2,2,Champion
513254545,0,1,32.15,2,2,1,Loyal
513254787,0,2,249.66,2,2,1,Loyal
513258104,0,1,203.35,2,2,1,Loyal
513258796,0,1,231.64,2,2,1,Loyal
513262829,0,1,179.36,2,2,1,Loyal
513263005,0,1,1415.48,2,2,2,Champion
513265392,0,1,286.86,2,2,2,Champion
513266285,0,1,308.86,2,2,2,Champion
513266807,0,1,174.78,2,2,1,Loyal
513270805,0,1,787.09,2,2,2,Champion
513271325,0,1,135.99,2,2,1,Loyal
513271846,0,1,254.76,2,2,2,Champion
513272046,0,3,744.47,2,2,2,Champion
513272147,0,1,51.22,2,2,1,Loyal
513272248,0,1,110.48,2,2,1,Loyal
513273417,0,1,41.16,2,2,1,Loyal
513273607,0,1,150.7,2,2,1,Loyal
513275461,0,1,95.21,2,2,1,Loyal
513275653,0,1,476.18,2,2,2,Champion
513276169,0,1,254.76,2,2,2,Champion
513286099,0,1,461.27,2,2,2,Champion
513292694,0,4,2506.74,2,2,2,Champion
513294158,0,1,25.48,2,2,1,Loyal
513295398,0,1,1106.82,2,2,2,Champion
513299697,0,1,120.98,2,2,1,Loyal
513300188,0,1,179.39,2,2,1,Loyal
513308836,0,1,100.13,2,2,1,Loyal
513309820,0,1,344.64,2,2,2,Champion
513310245,0,1,174.45,2,2,1,Loyal
513316122,0,1,51.46,2,2,1,Loyal
513316282,0,3,1150.53,2,2,2,Champion
513316334,0,1,349.82,2,2,2,Champion
513318196,0,1,957.53,2,2,2,Champion
513320236,0,2,1475.02,2,2,2,Champion
513320694,0,1,453.27,2,2,2,Champion
513322443,0,1,66.67,2,2,1,Loyal
513322839,0,13,2686.39,2,2,2,Champion
513324067,0,2,356.02,2,2,2,Champion
513324698,0,1,286.86,2,2,2,Champion
513325934,0,1,975.57,2,2,2,Champion
513326552,0,2,1343.38,2,2,2,Champion
513326786,0,1,278.24,2,2,2,Champion
513333061,0,1,130.76,2,2,1,Loyal
513334519,0,4,4111.8099999999995,2,2,2,Champion
513337407,0,1,514.76,2,2,2,Champion
513337963,0,2,242.48,2,2,1,Loyal
513338727,0,1,339.75,2,2,2,Champion
513338994,0,1,946.97,2,2,2,Champion
513340618,0,1,51.22,2,2,1,Loyal
513341426,0,2,430.59000000000003,2,2,2,Champion
513344614,0,2,718.3199999999999,2,2,2,Champion
513347990,0,1,241.18,2,2,1,Loyal
513350838,0,1,368.04,2,2,2,Champion
513354708,0,1,17.99,2,2,1,Loyal
513356064,0,1,360.34,2,2,2,Champion
513358262,0,1,435.85,2,2,2,Champion
513371955,0,1,1415.48,2,2,2,Champion
513374196,0,2,405.68,2,2,2,Champion
513379484,0,1,738.61,2,2,2,Champion
513380613,0,1,975.56,2,2,2,Champion
513380786,0,1,360.08,2,2,2,Champion
513381675,0,1,738.61,2,2,2,Champion
513381781,0,1,1052.79,2,2,2,Champion
513382406,0,1,231.41,2,2,1,Loyal
513384871,0,1,1619.09,2,2,2,Champion
513384878,0,1,808.59,2,2,2,Champion
513388916,0,2,718.8399999999999,2,2,2,Champion
513388925,0,1,78.74,2,2,1,Loyal
513400739,0,1,105.68,2,2,1,Loyal
513401362,0,1,887.57,2,2,2,Champion
513402456,0,1,254.26,2,2,1,Loyal
513402546,0,1,738.61,2,2,2,Champion
513404281,0,1,130.76,2,2,1,Loyal
513405091,0,1,1415.48,2,2,2,Champion
513407759,0,1,787.11,2,2,2,Champion
513407881,0,1,360.08,2,2,2,Champion
513412089,0,1,946.97,2,2,2,Champion
513414830,0,1,77.2,2,2,1,Loyal
513417991,0,1,130.76,2,2,1,Loyal
513419646,0,1,308.65,2,2,2,Champion
513420400,0,4,1003.41,2,2,2,Champion
513426965,0,1,64.08,2,2,1,Loyal
513428222,0,1,12.84,2,2,1,Loyal
513429517,0,2,66.88,2,2,1,Loyal
513433909,0,1,1012.64,2,2,2,Champion
513438709,0,1,738.61,2,2,2,Champion
513441189,0,1,738.39,2,2,2,Champion
513444444,0,1,254.76,2,2,2,Champion
513445070,0,1,33.44,2,2,1,Loyal
513447878,0,1,185.7,2,2,1,Loyal
513448546,0,1,257.38,2,2,2,Champion
513449837,0,1,254.26,2,2,1,Loyal
513455519,0,2,164.58,2,2,1,Loyal
513457083,0,2,3277.2799999999997,2,2,2,Champion
513457523,0,1,83.58,2,2,1,Loyal
513470067,0,1,128.45,2,2,1,Loyal
513471065,0,1,174.45,2,2,1,Loyal
513472297,0,1,738.61,2,2,2,Champion
513473043,0,1,188.73,2,2,1,Loyal
513484145,0,1,157.53,2,2,1,Loyal
513485066,0,2,200.76,2,2,1,Loyal
513485388,0,1,154.36,2,2,1,Loyal
513489079,0,1,116.73,2,2,1,Loyal
513492525,0,1,614.55,2,2,2,Champion
513493902,0,1,18.0,2,2,1,Loyal
513496019,0,1,231.64,2,2,1,Loyal
513506849,0,1,514.5,2,2,2,Champion
513507001,0,1,33.44,2,2,1,Loyal
513508022,0,1,154.38,2,2,1,Loyal
513509085,0,3,3255.3900000000003,2,2,2,Champion
513513288,0,2,846.6,2,2,2,Champion
513513671,0,1,254.76,2,2,2,Champion
513514855,0,1,311.81,2,2,2,Champion
513517811,0,1,975.56,2,2,2,Champion
513520393,0,1,1070.8,2,2,2,Champion
513534069,0,1,461.0,2,2,2,Champion
513535072,0,2,312.53,2,2,2,Champion
513539969,0,2,1111.48,2,2,2,Champion
513544565,0,1,1541.87,2,2,2,Champion
513546206,0,1,344.64,2,2,2,Champion
513555358,0,1,1044.81,2,2,2,Champion
513555559,0,1,286.86,2,2,2,Champion
513557704,0,1,460.5,2,2,2,Champion
513558712,0,2,2826.32,2,2,2,Champion
513563970,0,1,234.34,2,2,1,Loyal
513568776,0,1,746.22,2,2,2,Champion
513571642,0,3,850.92,2,2,2,Champion
513576541,0,1,100.13,2,2,1,Loyal
513580775,0,1,89.58,2,2,1,Loyal
513580823,0,1,150.95,2,2,1,Loyal
513582662,0,1,130.6,2,2,1,Loyal
513587990,0,1,107.8,2,2,1,Loyal
513589688,0,1,241.18,2,2,1,Loyal
513589882,0,1,90.34,2,2,1,Loyal
513590272,0,1,311.81,2,2,2,Champion
513595297,0,1,130.7,2,2,1,Loyal
513596972,0,1,123.53,2,2,1,Loyal
513600050,0,1,195.3,2,2,1,Loyal
513600878,0,1,154.41,2,2,1,Loyal
513602502,0,2,638.28,2,2,2,Champion
513602820,0,2,509.02,2,2,2,Champion
513605465,0,1,348.53,2,2,2,Champion
513608681,0,1,51.46,2,2,1,Loyal
513609044,0,1,64.08,2,2,1,Loyal
513611029,0,2,3134.7,2,2,2,Champion
513616652,0,1,241.18,2,2,1,Loyal
513621289,0,1,188.73,2,2,1,Loyal
513624038,0,1,43.24,2,2,1,Loyal
513627952,0,2,268.82,2,2,2,Champion
513628562,0,2,292.64,2,2,2,Champion
513630041,0,2,19.52,2,2,1,Loyal
513631269,0,3,3029.42,2,2,2,Champion
513632293,0,2,618.29,2,2,2,Champion
513633871,0,1,92.13,2,2,1,Loyal
513635452,0,1,76.96,2,2,1,Loyal
513635938,0,1,514.63,2,2,2,Champion
513638123,0,1,197.43,2,2,1,Loyal
513638520,0,1,11.29,2,2,1,Loyal
513639425,0,1,179.36,2,2,1,Loyal
513639697,0,1,164.17,2,2,1,Loyal
513641828,0,1,182.99,2,2,1,Loyal
513643506,0,1,130.76,2,2,1,Loyal
513646185,0,1,130.7,2,2,1,Loyal
513647542,0,1,295.76,2,2,2,Champion
513648161,0,2,61.26,2,2,1,Loyal
513651601,0,1,154.38,2,2,1,Loyal
513651698,0,1,388.68,2,2,2,Champion
513658784,0,1,514.76,2,2,2,Champion
513659417,0,1,197.52,2,2,1,Loyal
513660507,0,1,804.21,2,2,2,Champion
513663721,0,2,58.92,2,2,1,Loyal
513666695,0,1,174.75,2,2,1,Loyal
513668525,0,1,286.86,2,2,2,Champion
513668741,0,1,319.94,2,2,2,Champion
513674026,0,1,64.08,2,2,1,Loyal
513674504,0,2,323.86,2,2,2,Champion
513675010,0,1,203.35,2,2,1,Loyal
513681446,0,1,171.57,2,2,1,Loyal
513681545,0,1,59.18,2,2,1,Loyal
513682600,0,1,733.81,2,2,2,Champion
513682799,0,1,621.44,2,2,2,Champion
513683101,0,1,161.93,2,2,1,Loyal
513684529,0,1,23.13,2,2,1,Loyal
513684795,0,1,82.34,2,2,1,Loyal
513690721,0,2,509.52,2,2,2,Champion
513694664,0,1,1413.16,2,2,2,Champion
513695979,0,1,1052.79,2,2,2,Champion
513700159,0,1,311.84,2,2,2,Champion
513706025,0,3,2042.9900000000002,2,2,2,Champion
513711993,0,1,388.81,2,2,2,Champion
513713552,0,1,177.44,2,2,1,Loyal
513714362,0,1,1052.79,2,2,2,Champion
513714449,0,1,787.11,2,2,2,Champion
513715659,0,1,56.37,2,2,1,Loyal
513717072,0,1,34.72,2,2,1,Loyal
513718747,0,2,825.8199999999999,2,2,2,Champion
513724405,0,1,133.59,2,2,1,Loyal
513725843,0,5,757.2199999999999,2,2,2,Champion
513729565,0,1,161.93,2,2,1,Loyal
513732676,0,1,579.16,2,2,2,Champion
513745848,0,1,321.73,2,2,2,Champion
513747080,0,1,179.36,2,2,1,Loyal
513747473,0,2,3083.22,2,2,2,Champion
513751908,0,1,180.13,2,2,1,Loyal
513756880,0,1,160.75,2,2,1,Loyal
513759387,0,1,197.52,2,2,1,Loyal
513759559,0,1,51.46,2,2,1,Loyal
513759853,0,1,102.7,2,2,1,Loyal
513777580,0,1,38.35,2,2,1,Loyal
513782370,0,2,1742.12,2,2,2,Champion
513784908,0,1,231.64,2,2,1,Loyal
513787297,0,1,23.14,2,2,1,Loyal
513787723,0,1,33.44,2,2,1,Loyal
513801517,0,2,92.38,2,2,1,Loyal
513817177,0,1,111.79,2,2,1,Loyal
513820995,0,1,253.31,2,2,1,Loyal
513824173,0,2,1027.62,2,2,2,Champion
513828317,0,1,130.73,2,2,1,Loyal
513832318,0,1,150.7,2,2,1,Loyal
513834382,0,1,360.08,2,2,2,Champion
513835383,0,1,286.86,2,2,2,Champion
513836587,0,3,3105.1000000000004,2,2,2,Champion
513836937,0,2,1174.3799999999999,2,2,2,Champion
513837472,0,1,128.68,2,2,1,Loyal
513840758,0,1,738.61,2,2,2,Champion
513841396,0,2,1202.69,2,2,2,Champion
513844981,0,2,533.61,2,2,2,Champion
513845379,0,1,513.81,2,2,2,Champion
513849712,0,1,254.76,2,2,2,Champion
513861839,0,1,176.97,2,2,1,Loyal
513868018,0,1,244.25,2,2,1,Loyal
513869885,0,1,102.73,2,2,1,Loyal
513871646,0,1,102.63,2,2,1,Loyal
513875122,0,1,241.18,2,2,1,Loyal
513877776,0,1,75.7,2,2,1,Loyal
513883894,0,3,734.52,2,2,2,Champion
513883947,0,1,43.5,2,2,1,Loyal
513886110,0,1,28.29,2,2,1,Loyal
513890633,0,1,1080.72,2,2,2,Champion
513890913,0,2,81.76,2,2,1,Loyal
513894160,0,1,90.35,2,2,1,Loyal
513894818,0,2,908.36,2,2,2,Champion
513895544,0,1,175.76,2,2,1,Loyal
513902757,0,1,174.75,2,2,1,Loyal
513903835,0,1,130.7,2,2,1,Loyal
513906581,0,1,733.81,2,2,2,Champion
513908078,0,1,368.04,2,2,2,Champion
513911628,0,1,975.56,2,2,2,Champion
513928545,0,1,278.54,2,2,2,Champion
513932100,0,1,501.92,2,2,2,Champion
513936157,0,1,311.81,2,2,2,Champion
513940970,0,1,135.99,2,2,1,Loyal
513941799,0,2,69.5,2,2,1,Loyal
513944369,0,1,975.56,2,2,2,Champion
513950471,0,1,95.86,2,2,1,Loyal
513960873,0,1,818.48,2,2,2,Champion
513974023,0,1,110.43,2,2,1,Loyal
513984345,0,1,211.05,2,2,1,Loyal
513985834,0,1,153.04,2,2,1,Loyal
513992195,0,1,130.76,2,2,1,Loyal
513994099,0,1,643.23,2,2,2,Champion
513995740,0,2,1951.12,2,2,2,Champion
513996913,0,2,928.16,2,2,2,Champion
514004396,0,1,15.42,2,2,1,Loyal
514007527,0,1,1415.48,2,2,2,Champion
514008577,0,2,450.45,2,2,2,Champion
514008640,0,1,197.52,2,2,1,Loyal
514009580,0,1,254.26,2,2,1,Loyal
514010245,0,1,398.72,2,2,2,Champion
514011552,0,1,231.64,2,2,1,Loyal
514012132,0,1,278.54,2,2,2,Champion
514013050,0,1,257.38,2,2,2,Champion
514013682,0,1,975.57,2,2,2,Champion
514014022,0,1,975.56,2,2,2,Champion
514016484,0,2,898.97,2,2,2,Champion
514018346,0,1,47.88,2,2,1,Loyal
514019103,0,1,452.81,2,2,2,Champion
514019373,0,1,56.6,2,2,1,Loyal
514019823,0,2,925.06,2,2,2,Champion
514020113,0,1,138.97,2,2,1,Loyal
514023151,0,2,513.76,2,2,2,Champion
514025006,0,1,1746.89,2,2,2,Champion
514037949,0,1,203.74,2,2,1,Loyal
514038559,0,1,1052.79,2,2,2,Champion
514039214,0,1,7.7,2,2,1,Loyal
514046423,0,1,1415.48,2,2,2,Champion
514047627,0,1,118.38,2,2,1,Loyal
514057202,0,1,787.09,2,2,2,Champion
514062459,0,2,3365.98,2,2,2,Champion
514062833,0,1,171.56,2,2,1,Loyal
514062882,0,1,535.38,2,2,2,Champion
514062888,0,1,395.2,2,2,2,Champion
514065885,0,1,1415.48,2,2,2,Champion
514070238,0,3,511.28,2,2,2,Champion
514070346,0,1,41.08,2,2,1,Loyal
514073817,0,3,1606.1399999999999,2,2,2,Champion
514074935,0,1,130.7,2,2,1,Loyal
514079427,0,1,257.15,2,2,2,Champion
514085009,0,1,368.04,2,2,2,Champion
514087447,0,1,161.93,2,2,1,Loyal
514088290,0,1,105.28,2,2,1,Loyal
514088904,0,2,697.06,2,2,2,Champion
514091168,0,1,185.71,2,2,1,Loyal
514097328,0,1,565.77,2,2,2,Champion
514102576,0,1,46.33,2,2,1,Loyal
514104186,0,1,257.38,2,2,2,Champion
514104473,0,2,292.69,2,2,2,Champion
514104941,0,1,153.04,2,2,1,Loyal
514108242,0,1,241.71,2,2,1,Loyal
514109640,0,1,20.57,2,2,1,Loyal
514112755,0,6,1009.29,2,2,2,Champion
514115418,0,6,4329.99,2,2,2,Champion
514117784,0,1,20.57,2,2,1,Loyal
514119943,0,1,51.22,2,2,1,Loyal
514124260,0,1,77.2,2,2,1,Loyal
514127317,0,2,4.25,2,2,1,Loyal
514129765,0,1,130.76,2,2,1,Loyal
514132030,0,1,1930.53,2,2,2,Champion
514134567,0,1,388.68,2,2,2,Champion
514136604,0,2,512.24,2,2,2,Champion
514140124,0,1,787.09,2,2,2,Champion
514144083,0,1,130.7,2,2,1,Loyal
514149776,0,1,411.83,2,2,2,Champion
514150168,0,1,253.31,2,2,1,Loyal
514152221,0,1,189.82,2,2,1,Loyal
514152807,0,1,140.91,2,2,1,Loyal
514154856,0,1,130.76,2,2,1,Loyal
514157745,0,1,130.76,2,2,1,Loyal
514161267,0,1,161.93,2,2,1,Loyal
514163864,0,2,643.23,2,2,2,Champion
514178024,0,2,323.86,2,2,2,Champion
514179041,0,2,323.86,2,2,2,Champion
514184155,0,1,110.43,2,2,1,Loyal
514188741,0,1,957.53,2,2,2,Champion
514193279,0,1,40.39,2,2,1,Loyal
514193503,0,1,130.76,2,2,1,Loyal
514195109,0,1,22.39,2,2,1,Loyal
514202564,0,1,161.93,2,2,1,Loyal
514209903,0,1,734.81,2,2,2,Champion
514218707,0,1,130.76,2,2,1,Loyal
514222032,0,2,514.3,2,2,2,Champion
514222382,0,1,231.64,2,2,1,Loyal
514222505,0,1,282.2,2,2,2,Champion
514222948,0,2,261.4,2,2,2,Champion
514223383,0,1,97.81,2,2,1,Loyal
514235114,0,1,628.78,2,2,2,Champion
514239263,0,2,2985.81,2,2,2,Champion
514240005,0,1,9.55,2,2,1,Loyal
514251675,0,1,282.89,2,2,2,Champion
514256842,0,2,1476.78,2,2,2,Champion
514259127,0,2,1057.6699999999998,2,2,2,Champion
514264972,0,1,1619.09,2,2,2,Champion
514267532,0,1,161.93,2,2,1,Loyal
514268381,0,1,286.86,2,2,2,Champion
514268639,0,1,946.97,2,2,2,Champion
514271979,0,1,975.56,2,2,2,Champion
514276722,0,1,738.61,2,2,2,Champion
514285231,0,1,157.53,2,2,1,Loyal
514286959,0,1,70.53,2,2,1,Loyal
514287655,0,1,514.56,2,2,2,Champion
514291470,0,1,975.57,2,2,2,Champion
514296473,0,1,975.57,2,2,2,Champion
514297857,0,1,975.57,2,2,2,Champion
514303910,0,1,628.78,2,2,2,Champion
514306799,0,1,286.35,2,2,2,Champion
514311861,0,1,286.86,2,2,2,Champion
514312578,0,1,461.27,2,2,2,Champion
514314025,0,1,746.29,2,2,2,Champion
514315058,0,1,193.03,2,2,1,Loyal
514326928,0,3,247.02,2,2,1,Loyal
514336910,0,1,818.41,2,2,2,Champion
514349192,0,1,128.68,2,2,1,Loyal
514363939,0,1,57.14,2,2,1,Loyal
514374068,0,2,351.66,2,2,2,Champion
514388767,0,1,130.73,2,2,1,Loyal
514390004,0,1,95.21,2,2,1,Loyal
514394124,0,1,464.06,2,2,2,Champion
514399464,0,1,1698.86,2,2,2,Champion
514404649,0,1,738.61,2,2,2,Champion
514405984,0,1,286.86,2,2,2,Champion
514410386,0,1,95.21,2,2,1,Loyal
514410604,0,1,257.38,2,2,2,Champion
514418824,0,1,975.57,2,2,2,Champion
514421732,0,1,135.14,2,2,1,Loyal
514423709,0,1,20.05,2,2,1,Loyal
514424527,0,2,928.16,2,2,2,Champion
514425364,0,2,514.8,2,2,2,Champion
514426205,0,1,1413.16,2,2,2,Champion
514426995,0,2,180.68,2,2,1,Loyal
514435069,0,1,130.76,2,2,1,Loyal
514436810,0,1,365.49,2,2,2,Champion
514437749,0,1,975.56,2,2,2,Champion
514438677,0,1,360.07,2,2,2,Champion
514440503,0,1,180.16,2,2,1,Loyal
514446740,0,1,360.08,2,2,2,Champion
514448529,0,1,223.69,2,2,1,Loyal
514451481,0,2,1951.13,2,2,2,Champion
514454224,0,1,254.76,2,2,2,Champion
514456160,0,2,1270.5,2,2,2,Champion
514457126,0,1,177.59,2,2,1,Loyal
514461590,0,1,15.19,2,2,1,Loyal
514463870,0,1,20.57,2,2,1,Loyal
514464456,0,1,1415.48,2,2,2,Champion
514465089,0,1,254.76,2,2,2,Champion
514466065,0,1,635.25,2,2,2,Champion
514468273,0,1,251.74,2,2,1,Loyal
514468337,0,1,1173.75,2,2,2,Champion
514471892,0,1,241.18,2,2,1,Loyal
514472401,0,1,130.7,2,2,1,Loyal
514472957,0,1,377.09,2,2,2,Champion
514474752,0,1,975.57,2,2,2,Champion
514479779,0,1,43.24,2,2,1,Loyal
514482040,0,1,388.81,2,2,2,Champion
514482141,0,1,1415.48,2,2,2,Champion
514482471,0,1,1012.19,2,2,2,Champion
514482630,0,1,1415.48,2,2,2,Champion
514483113,0,3,2296.91,2,2,2,Champion
514483152,0,2,44.78,2,2,1,Loyal
514486373,0,1,130.7,2,2,1,Loyal
514491864,0,1,1181.37,2,2,2,Champion
514492564,0,1,113.23,2,2,1,Loyal
514497315,0,1,179.36,2,2,1,Loyal
514502450,0,2,776.86,2,2,2,Champion
514502819,0,1,21.15,2,2,1,Loyal
514506916,0,1,464.08,2,2,2,Champion
514513464,0,1,189.82,2,2,1,Loyal
514518554,0,1,249.43,2,2,1,Loyal
514527645,0,1,174.45,2,2,1,Loyal
514527743,0,2,855.71,2,2,2,Champion
514527863,0,1,66.87,2,2,1,Loyal
514528187,0,1,360.08,2,2,2,Champion
514528570,0,1,241.18,2,2,1,Loyal
514530424,0,1,1052.79,2,2,2,Champion
514531448,0,1,131.83,2,2,1,Loyal
514534461,0,1,135.14,2,2,1,Loyal
514534707,0,1,24.17,2,2,1,Loyal
514535081,0,1,787.11,2,2,2,Champion
514536402,0,1,22.39,2,2,1,Loyal
514536511,0,1,231.64,2,2,1,Loyal
514537617,0,1,9.76,2,2,1,Loyal
514541576,0,1,56.63,2,2,1,Loyal
514542346,0,1,311.84,2,2,2,Champion
514543627,0,1,161.93,2,2,1,Loyal
514551261,0,1,295.98,2,2,2,Champion
514551839,0,2,674.39,2,2,2,Champion
514553911,0,1,29.6,2,2,1,Loyal
514558811,0,3,3038.31,2,2,2,Champion
514560806,0,1,975.56,2,2,2,Champion
514561432,0,1,1415.48,2,2,2,Champion
514570840,0,1,39.9,2,2,1,Loyal
514578555,0,3,662.91,2,2,2,Champion
514578573,0,1,37.81,2,2,1,Loyal
514579369,0,1,286.35,2,2,2,Champion
514585074,0,1,177.44,2,2,1,Loyal
514585377,0,1,1415.48,2,2,2,Champion
514591308,0,2,420.57,2,2,2,Champion
514595050,0,1,76.45,2,2,1,Loyal
514596397,0,1,102.42,2,2,1,Loyal
514598342,0,1,311.81,2,2,2,Champion
514601478,0,1,130.73,2,2,1,Loyal
514605279,0,1,68.21,2,2,1,Loyal
514608916,0,5,461.2,2,2,2,Champion
514613760,0,1,344.9,2,2,2,Champion
514614540,0,1,295.99,2,2,2,Champion
514625971,0,1,286.86,2,2,2,Champion
514629586,0,1,103.18,2,2,1,Loyal
514633552,0,1,506.29,2,2,2,Champion
514634800,0,1,514.76,2,2,2,Champion
514635388,0,1,174.75,2,2,1,Loyal
514635571,0,1,51.46,2,2,1,Loyal
514639566,0,1,22.11,2,2,1,Loyal
514639988,0,2,316.47,2,2,2,Champion
514640013,0,1,1541.61,2,2,2,Champion
514640139,0,2,2955.0299999999997,2,2,2,Champion
514645197,0,1,1415.48,2,2,2,Champion
514648303,0,1,1012.19,2,2,2,Champion
514649432,0,4,523.04,2,2,2,Champion
514650590,0,1,38.32,2,2,1,Loyal
514651026,0,1,136.4,2,2,1,Loyal
514652684,0,1,15.42,2,2,1,Loyal
514653764,0,1,254.76,2,2,2,Champion
514661556,0,1,254.76,2,2,2,Champion
514663400,0,2,44.78,2,2,1,Loyal
514664885,0,1,1415.48,2,2,2,Champion
514665604,0,1,248.94,2,2,1,Loyal
514666462,0,1,254.26,2,2,1,Loyal
514672768,0,8,5894.38,2,2,2,Champion
514676605,0,6,3653.1,2,2,2,Champion
514678942,0,1,231.64,2,2,1,Loyal
514682461,0,1,254.26,2,2,1,Loyal
514684849,0,1,46.31,2,2,1,Loyal
514685426,0,2,187.5,2,2,1,Loyal
514688926,0,1,1206.78,2,2,2,Champion
514696726,0,1,130.76,2,2,1,Loyal
514696831,0,1,308.86,2,2,2,Champion
514701344,0,1,606.82,2,2,2,Champion
514702450,0,3,838.65,2,2,2,Champion
514702471,0,1,161.93,2,2,1,Loyal
514712965,0,2,463.28,2,2,2,Champion
514714067,0,2,1951.12,2,2,2,Champion
514725984,0,2,307.34,2,2,2,Champion
514726722,0,1,254.26,2,2,1,Loyal
514732891,0,1,92.64,2,2,1,Loyal
514733296,0,1,1027.05,2,2,2,Champion
514734188,0,1,130.7,2,2,1,Loyal
514745304,0,1,205.48,2,2,1,Loyal
514745575,0,2,172.18,2,2,1,Loyal
514747840,0,1,51.46,2,2,1,Loyal
514748826,0,1,7.7,2,2,1,Loyal
514759129,0,1,10.27,2,2,1,Loyal
514768921,0,2,56.58,2,2,1,Loyal
514772516,0,1,694.72,2,2,2,Champion
514775930,0,1,188.73,2,2,1,Loyal
514776851,0,1,738.39,2,2,2,Champion
514780074,0,1,668.92,2,2,2,Champion
514781173,0,1,871.06,2,2,2,Champion
514787014,0,1,360.08,2,2,2,Champion
514789712,0,1,121.24,2,2,1,Loyal
514800640,0,1,161.93,2,2,1,Loyal
514803377,0,1,975.57,2,2,2,Champion
514804933,0,1,957.53,2,2,2,Champion
514805015,0,5,2872.16,2,2,2,Champion
514810381,0,1,102.84,2,2,1,Loyal
514814548,0,1,130.76,2,2,1,Loyal
514815543,0,1,738.39,2,2,2,Champion
514818938,0,1,286.86,2,2,2,Champion
514828015,0,3,1775.8,2,2,2,Champion
514835303,0,1,254.76,2,2,2,Champion
514844850,0,1,395.1,2,2,2,Champion
514851548,0,1,130.7,2,2,1,Loyal
514853651,0,1,128.38,2,2,1,Loyal
514867483,0,1,464.08,2,2,2,Champion
514870418,0,1,1052.79,2,2,2,Champion
514876151,0,1,95.21,2,2,1,Loyal
514883014,0,1,464.08,2,2,2,Champion
514889827,0,1,107.8,2,2,1,Loyal
514892797,0,1,89.32,2,2,1,Loyal
514899380,0,1,177.44,2,2,1,Loyal
514900641,0,1,1067.92,2,2,2,Champion
514904277,0,1,368.04,2,2,2,Champion
514907346,0,1,1205.18,2,2,2,Champion
514910853,0,1,464.08,2,2,2,Champion
514916273,0,1,5.12,2,2,1,Loyal
514916983,0,1,60.23,2,2,1,Loyal
514917663,0,1,174.75,2,2,1,Loyal
514921813,0,1,174.45,2,2,1,Loyal
514922122,0,1,286.86,2,2,2,Champion
514923256,0,1,56.6,2,2,1,Loyal
514925180,0,1,130.7,2,2,1,Loyal
514928664,0,1,587.56,2,2,2,Champion
514929223,0,1,33.44,2,2,1,Loyal
514934560,0,1,230.89,2,2,1,Loyal
514939084,0,1,203.35,2,2,1,Loyal
514946389,0,1,102.94,2,2,1,Loyal
514946494,0,1,1067.69,2,2,2,Champion
514948230,0,3,4833.66,2,2,2,Champion
514949823,0,1,1205.18,2,2,2,Champion
514950756,0,1,1747.79,2,2,2,Champion
514953614,0,1,772.19,2,2,2,Champion
514953850,0,2,285.72,2,2,2,Champion
514955256,0,1,123.56,2,2,1,Loyal
514956444,0,1,1415.48,2,2,2,Champion
514957550,0,1,174.75,2,2,1,Loyal
514969291,0,1,64.08,2,2,1,Loyal
514971643,0,1,286.86,2,2,2,Champion
514982886,0,1,259.98,2,2,2,Champion
514984523,0,1,259.98,2,2,2,Champion
514985274,0,1,470.77,2,2,2,Champion
514987710,0,1,388.43,2,2,2,Champion
514989696,0,1,203.74,2,2,1,Loyal
514997007,0,1,130.76,2,2,1,Loyal
514997545,0,1,18.76,2,2,1,Loyal
514999408,0,1,56.6,2,2,1,Loyal
515007917,0,1,128.68,2,2,1,Loyal
515014026,0,1,377.09,2,2,2,Champion
515014948,0,1,254.26,2,2,1,Loyal
515015986,0,1,64.33,2,2,1,Loyal
515025466,0,1,946.97,2,2,2,Champion
515029503,0,1,25.74,2,2,1,Loyal
515032129,0,2,371.40999999999997,2,2,2,Champion
515037132,0,1,188.73,2,2,1,Loyal
515044815,0,1,130.7,2,2,1,Loyal
515048163,0,1,55.96,2,2,1,Loyal
515053033,0,1,587.53,2,2,2,Champion
515053477,0,3,395.92999999999995,2,2,2,Champion
515057568,0,2,1545.09,2,2,2,Champion
515057730,0,1,514.76,2,2,2,Champion
515059019,0,1,759.06,2,2,2,Champion
515061282,0,1,61.7,2,2,1,Loyal
515067282,0,1,738.39,2,2,2,Champion
515067959,0,1,254.76,2,2,2,Champion
515071874,0,1,43.24,2,2,1,Loyal
515072250,0,1,179.35,2,2,1,Loyal
515074930,0,1,161.93,2,2,1,Loyal
515091560,0,1,138.46,2,2,1,Loyal
515095781,0,1,41.08,2,2,1,Loyal
515096611,0,1,51.22,2,2,1,Loyal
515097506,0,1,975.57,2,2,2,Champion
515100477,0,2,371.4,2,2,2,Champion
515104074,0,1,1570.16,2,2,2,Champion
515105844,0,1,296.62,2,2,2,Champion
515111364,0,1,48.88,2,2,1,Loyal
515112775,0,1,95.21,2,2,1,Loyal
515112777,0,1,286.86,2,2,2,Champion
515115178,0,1,257.15,2,2,2,Champion
515125723,0,7,1422.27,2,2,2,Champion
515128427,0,1,376.87,2,2,2,Champion
515140873,0,1,254.76,2,2,2,Champion
515145981,0,1,388.43,2,2,2,Champion
515150344,0,1,488.82,2,2,2,Champion
515150687,0,1,161.93,2,2,1,Loyal
515152036,0,2,1827.01,2,2,2,Champion
515165855,0,1,448.03,2,2,2,Champion
515168801,0,1,38.32,2,2,1,Loyal
515168830,0,3,911.6800000000001,2,2,2,Champion
515175219,0,1,55.32,2,2,1,Loyal
515179179,0,1,54.03,2,2,1,Loyal
515181125,0,1,154.38,2,2,1,Loyal
515183993,0,1,385.82,2,2,2,Champion
515185196,0,1,254.26,2,2,1,Loyal
515188426,0,1,51.2,2,2,1,Loyal
515202106,0,1,153.02,2,2,1,Loyal
515203851,0,1,424.68,2,2,2,Champion
515210850,0,1,154.36,2,2,1,Loyal
515219421,0,1,144.12,2,2,1,Loyal
515240211,0,1,254.26,2,2,1,Loyal
515241710,0,1,1027.05,2,2,2,Champion
515246296,0,1,736.18,2,2,2,Champion
515247373,0,1,174.45,2,2,1,Loyal
515251256,0,2,1251.19,2,2,2,Champion
515253052,0,1,197.43,2,2,1,Loyal
515253432,0,1,642.95,2,2,2,Champion
515269058,0,3,141.26,2,2,1,Loyal
515280530,0,1,787.11,2,2,2,Champion
515280807,0,1,111.79,2,2,1,Loyal
515281139,0,1,161.93,2,2,1,Loyal
515299026,0,1,149.01,2,2,1,Loyal
515304324,0,1,1080.72,2,2,2,Champion
515306917,0,3,301.11,2,2,2,Champion
515323037,0,1,592.01,2,2,2,Champion
515325832,0,1,286.86,2,2,2,Champion
515335867,0,2,181.98,2,2,1,Loyal
515336822,0,1,278.54,2,2,2,Champion
515341805,0,1,164.17,2,2,1,Loyal
515343596,0,1,47.62,2,2,1,Loyal
515346540,0,1,738.61,2,2,2,Champion
515353201,0,1,316.35,2,2,2,Champion
515363332,0,1,587.53,2,2,2,Champion
515365023,0,1,177.59,2,2,1,Loyal
515376173,0,1,286.86,2,2,2,Champion
515378147,0,1,738.61,2,2,2,Champion
515380414,0,1,128.45,2,2,1,Loyal
515381761,0,1,254.26,2,2,1,Loyal
515384420,0,1,1747.79,2,2,2,Champion
515384686,0,1,1146.5,2,2,2,Champion
515385693,0,3,710.38,2,2,2,Champion
515393000,0,2,265.16999999999996,2,2,2,Champion
515394311,0,1,49.42,2,2,1,Loyal
515396353,0,1,161.93,2,2,1,Loyal
515397134,0,3,2362.3500000000004,2,2,2,Champion
515399363,0,1,464.08,2,2,2,Champion
515409287,0,2,1127.42,2,2,2,Champion
515410959,0,1,241.18,2,2,1,Loyal
515416154,0,1,230.89,2,2,1,Loyal
515417087,0,1,153.04,2,2,1,Loyal
515430686,0,1,514.76,2,2,2,Champion
515433105,0,3,1541.4299999999998,2,2,2,Champion
515434691,0,1,738.61,2,2,2,Champion
515436268,0,1,69.47,2,2,1,Loyal
515440408,0,1,278.23,2,2,2,Champion
515442364,0,1,71.56,2,2,1,Loyal
515442456,0,1,286.86,2,2,2,Champion
515452337,0,1,36.01,2,2,1,Loyal
515452630,0,1,946.97,2,2,2,Champion
515454306,0,1,461.0,2,2,2,Champion
515456264,0,1,367.29,2,2,2,Champion
515457559,0,1,738.39,2,2,2,Champion
515458209,0,1,254.76,2,2,2,Champion
515464695,0,1,174.45,2,2,1,Loyal
515467952,0,7,1746.6399999999999,2,2,2,Champion
515468294,0,1,286.86,2,2,2,Champion
515469227,0,1,710.3,2,2,2,Champion
515469674,0,1,1052.79,2,2,2,Champion
515470664,0,1,126.1,2,2,1,Loyal
515474505,0,1,174.75,2,2,1,Loyal
515477415,0,1,1106.82,2,2,2,Champion
515478960,0,1,137.71,2,2,1,Loyal
515482500,0,2,2065.94,2,2,2,Champion
515484836,0,1,161.93,2,2,1,Loyal
515487647,0,1,197.43,2,2,1,Loyal
515489072,0,1,8.21,2,2,1,Loyal
515494405,0,2,1147.13,2,2,2,Champion
515494704,0,1,388.68,2,2,2,Champion
515504770,0,1,197.43,2,2,1,Loyal
515506286,0,1,29.2,2,2,1,Loyal
515509155,0,1,1747.79,2,2,2,Champion
515510339,0,1,59.18,2,2,1,Loyal
515513821,0,1,40.93,2,2,1,Loyal
515514901,0,1,257.15,2,2,2,Champion
515527846,0,1,464.08,2,2,2,Champion
515531662,0,1,254.26,2,2,1,Loyal
515534863,0,1,1413.16,2,2,2,Champion
515537984,0,1,134.41,2,2,1,Loyal
515538667,0,1,161.93,2,2,1,Loyal
515555662,0,1,95.86,2,2,1,Loyal
515556519,0,1,975.56,2,2,2,Champion
515556941,0,1,746.22,2,2,2,Champion
515561822,0,1,642.2,2,2,2,Champion
515567849,0,1,216.61,2,2,1,Loyal
515568647,0,2,2412.9,2,2,2,Champion
515571474,0,1,38.59,2,2,1,Loyal
515582362,0,1,161.91,2,2,1,Loyal
515587599,0,1,133.59,2,2,1,Loyal
515589348,0,1,257.15,2,2,2,Champion
515608742,0,1,177.44,2,2,1,Loyal
515611513,0,1,133.81,2,2,1,Loyal
515611909,0,1,141.26,2,2,1,Loyal
515614606,0,1,70.93,2,2,1,Loyal
515616634,0,1,357.3,2,2,2,Champion
515639503,0,1,203.35,2,2,1,Loyal
515641726,0,2,761.86,2,2,2,Champion
515653010,0,1,308.86,2,2,2,Champion
515655358,0,1,254.76,2,2,2,Champion
515660899,0,1,174.78,2,2,1,Loyal
515667870,0,1,172.18,2,2,1,Loyal
515673282,0,1,189.82,2,2,1,Loyal
515676573,0,2,501.17,2,2,2,Champion
515686764,0,1,154.16,2,2,1,Loyal
515688090,0,1,47.62,2,2,1,Loyal
515717863,0,1,733.92,2,2,2,Champion
515735721,0,2,2362.74,2,2,2,Champion
515749119,0,1,635.25,2,2,2,Champion
515758945,0,1,871.07,2,2,2,Champion
515767928,0,1,357.8,2,2,2,Champion
515770552,0,1,133.67,2,2,1,Loyal
515771486,0,1,126.83,2,2,1,Loyal
515772760,0,1,241.18,2,2,1,Loyal
515773124,0,1,40.93,2,2,1,Loyal
515783475,0,1,295.49,2,2,2,Champion
515791040,0,1,258.18,2,2,2,Champion
515794858,0,1,2552.93,2,2,2,Champion
515794957,0,1,161.93,2,2,1,Loyal
515798881,0,1,133.81,2,2,1,Loyal
515800932,0,1,64.33,2,2,1,Loyal
515807042,0,2,301.4,2,2,2,Champion
515815945,0,1,41.16,2,2,1,Loyal
515821892,0,2,1083.32,2,2,2,Champion
515822563,0,1,388.81,2,2,2,Champion
515836294,0,1,257.15,2,2,2,Champion
515845109,0,1,154.42,2,2,1,Loyal
515846594,0,1,179.35,2,2,1,Loyal
515851652,0,1,164.17,2,2,1,Loyal
515854830,0,2,84.12,2,2,1,Loyal
515856194,0,1,329.99,2,2,2,Champion
515861620,0,2,460.71999999999997,2,2,2,Champion
515863193,0,1,174.76,2,2,1,Loyal
515863224,0,1,286.86,2,2,2,Champion
515869943,0,2,643.48,2,2,2,Champion
515885622,0,1,110.34,2,2,1,Loyal
515889736,0,1,286.86,2,2,2,Champion
515894198,0,3,2445.29,2,2,2,Champion
515894243,0,1,1634.51,2,2,2,Champion
515894601,0,1,107.8,2,2,1,Loyal
515897778,0,8,2093.51,2,2,2,Champion
515898085,0,1,174.75,2,2,1,Loyal
515901648,0,1,464.08,2,2,2,Champion
515908914,0,1,513.81,2,2,2,Champion
515909200,0,1,738.61,2,2,2,Champion
515909638,0,1,1158.05,2,2,2,Champion
515910268,0,1,24.69,2,2,1,Loyal
515912944,0,1,82.37,2,2,1,Loyal
515913884,0,3,204.39,2,2,1,Loyal
515927322,0,1,461.0,2,2,2,Champion
515928013,0,1,197.43,2,2,1,Loyal
515934670,0,1,1413.16,2,2,2,Champion
515936397,0,1,174.45,2,2,1,Loyal
515938436,0,1,1027.05,2,2,2,Champion
515941987,0,2,270.28,2,2,2,Champion
515944311,0,1,1541.87,2,2,2,Champion
515949245,0,1,189.82,2,2,1,Loyal
515954723,0,2,77.44999999999999,2,2,1,Loyal
515960251,0,2,315.78,2,2,2,Champion
515967842,0,1,90.35,2,2,1,Loyal
515969323,0,1,975.56,2,2,2,Champion
515969499,0,1,20.4,2,2,1,Loyal
515969583,0,1,185.7,2,2,1,Loyal
515974117,0,1,25.71,2,2,1,Loyal
515980281,0,1,386.08,2,2,2,Champion
515991998,0,1,733.81,2,2,2,Champion
515993365,0,1,254.76,2,2,2,Champion
515993726,0,1,130.76,2,2,1,Loyal
515994079,0,1,386.08,2,2,2,Champion
515994290,0,3,3281.8500000000004,2,2,2,Champion
515996632,0,1,238.67,2,2,1,Loyal
516000226,0,1,636.05,2,2,2,Champion
516006556,0,1,1080.72,2,2,2,Champion
516006629,0,1,483.49,2,2,2,Champion
516007613,0,1,604.65,2,2,2,Champion
516010934,0,5,2320.32,2,2,2,Champion
516017218,0,1,130.76,2,2,1,Loyal
516017422,0,1,218.77,2,2,1,Loyal
516020214,0,1,50.68,2,2,1,Loyal
516023708,0,2,199.33,2,2,1,Loyal
516025438,0,5,2052.23,2,2,2,Champion
516031386,0,2,1593.0900000000001,2,2,2,Champion
516037023,0,1,175.83,2,2,1,Loyal
516039169,0,1,1747.79,2,2,2,Champion
516043267,0,1,130.76,2,2,1,Loyal
516051875,0,3,2160.39,2,2,2,Champion
516051925,0,1,15.16,2,2,1,Loyal
516054226,0,1,587.53,2,2,2,Champion
516061808,0,1,463.31,2,2,2,Champion
516061901,0,2,268.83,2,2,2,Champion
516063331,0,1,92.38,2,2,1,Loyal
516068837,0,1,179.36,2,2,1,Loyal
516070957,0,5,809.6500000000001,2,2,2,Champion
516073365,0,1,376.85,2,2,2,Champion
516081154,0,1,115.81,2,2,1,Loyal
516084419,0,1,48.24,2,2,1,Loyal
516084458,0,1,338.23,2,2,2,Champion
516086584,0,1,179.39,2,2,1,Loyal
516099720,0,1,77.1,2,2,1,Loyal
516103230,0,1,738.61,2,2,2,Champion
516103667,0,1,286.86,2,2,2,Champion
516108136,0,2,1951.14,2,2,2,Champion
516108419,0,1,123.56,2,2,1,Loyal
516117924,0,1,975.57,2,2,2,Champion
516118597,0,1,946.97,2,2,2,Champion
516122557,0,1,303.45,2,2,2,Champion
516124288,0,3,642.64,2,2,2,Champion
516124835,0,1,738.61,2,2,2,Champion
516136667,0,1,278.24,2,2,2,Champion
516190525,0,1,33.21,2,2,1,Loyal
516196327,0,1,15.42,2,2,1,Loyal
516197015,0,1,514.76,2,2,2,Champion
516198933,0,2,1135.7,2,2,2,Champion
516201000,0,1,45.82,2,2,1,Loyal
516201131,0,2,45.0,2,2,1,Loyal
516201757,0,1,174.76,2,2,1,Loyal
516201921,0,1,1012.19,2,2,2,Champion
516203431,0,1,56.63,2,2,1,Loyal
516204128,0,1,95.21,2,2,1,Loyal
516204501,0,1,113.0,2,2,1,Loyal
516205307,0,1,1662.56,2,2,2,Champion
516207308,0,3,1470.89,2,2,2,Champion
516217480,0,1,975.57,2,2,2,Champion
516218863,0,2,736.08,2,2,2,Champion
516219935,0,1,197.52,2,2,1,Loyal
516221120,0,1,153.67,2,2,1,Loyal
516221463,0,2,736.9300000000001,2,2,2,Champion
516222335,0,1,268.99,2,2,2,Champion
516223609,0,1,51.43,2,2,1,Loyal
516231378,0,1,195.6,2,2,1,Loyal
516235540,0,1,437.57,2,2,2,Champion
516237176,0,1,669.0,2,2,2,Champion
516237294,0,1,130.7,2,2,1,Loyal
516246230,0,2,181.5,2,2,1,Loyal
516252897,0,1,179.35,2,2,1,Loyal
516255627,0,1,879.96,2,2,2,Champion
516267882,0,1,975.56,2,2,2,Champion
516268542,0,2,283.38,2,2,2,Champion
516269482,0,1,42.68,2,2,1,Loyal
516278990,0,1,311.84,2,2,2,Champion
516282824,0,1,617.52,2,2,2,Champion
516288374,0,1,808.27,2,2,2,Champion
516289205,0,1,124.84,2,2,1,Loyal
516291165,0,1,464.06,2,2,2,Champion
516293295,0,1,180.16,2,2,1,Loyal
516297758,0,1,197.52,2,2,1,Loyal
516300282,0,2,1543.86,2,2,2,Champion
516304158,0,1,419.6,2,2,2,Champion
516304604,0,2,223.89,2,2,1,Loyal
516308290,0,2,2092.91,2,2,2,Champion
516308445,0,1,8.62,2,2,1,Loyal
516314805,0,1,975.56,2,2,2,Champion
516319282,0,1,553.4,2,2,2,Champion
516321891,0,1,89.32,2,2,1,Loyal
516326225,0,5,974.8399999999999,2,2,2,Champion
516337741,0,1,149.11,2,2,1,Loyal
516343955,0,1,174.46,2,2,1,Loyal
516348679,0,1,161.93,2,2,1,Loyal
516352109,0,2,378.54999999999995,2,2,2,Champion
516353280,0,1,464.06,2,2,2,Champion
516355239,0,1,286.86,2,2,2,Champion
516359889,0,1,1080.72,2,2,2,Champion
516367664,0,2,1926.54,2,2,2,Champion
516371672,0,1,957.53,2,2,2,Champion
516391634,0,1,278.54,2,2,2,Champion
516396816,0,1,128.68,2,2,1,Loyal
516401885,0,1,189.82,2,2,1,Loyal
516402435,0,1,511.71,2,2,2,Champion
516407514,0,1,231.64,2,2,1,Loyal
516408774,0,1,738.39,2,2,2,Champion
516409874,0,8,2932.66,2,2,2,Champion
516414397,0,1,115.83,2,2,1,Loyal
516414626,0,5,881.66,2,2,2,Champion
516417030,0,1,136.43,2,2,1,Loyal
516424375,0,1,41.16,2,2,1,Loyal
516426424,0,1,161.98,2,2,1,Loyal
516430999,0,1,386.08,2,2,2,Champion
516433070,0,1,164.17,2,2,1,Loyal
516437665,0,1,241.18,2,2,1,Loyal
516445103,0,1,603.5,2,2,2,Champion
516447587,0,1,179.35,2,2,1,Loyal
516447801,0,2,2025.54,2,2,2,Champion
516450951,0,1,174.45,2,2,1,Loyal
516454137,0,1,254.76,2,2,2,Champion
516457188,0,1,787.11,2,2,2,Champion
516461845,0,1,429.61,2,2,2,Champion
516464130,0,2,358.72,2,2,2,Champion
516464875,0,1,571.56,2,2,2,Champion
516469635,0,1,172.18,2,2,1,Loyal
516478603,0,1,864.86,2,2,2,Champion
516483276,0,1,130.7,2,2,1,Loyal
516489361,0,1,257.15,2,2,2,Champion
516489628,0,2,495.94,2,2,2,Champion
516502405,0,1,203.74,2,2,1,Loyal
516542439,0,1,334.6,2,2,2,Champion
516545777,0,1,1415.48,2,2,2,Champion
516549788,0,1,192.54,2,2,1,Loyal
516551175,0,2,261.4,2,2,2,Champion
516556098,0,1,161.93,2,2,1,Loyal
516556913,0,3,279.28000000000003,2,2,2,Champion
516574564,0,1,368.04,2,2,2,Champion
516589613,0,1,286.86,2,2,2,Champion
516597507,0,1,185.7,2,2,1,Loyal
516603109,0,1,253.31,2,2,1,Loyal
516606449,0,1,514.76,2,2,2,Champion
516606895,0,3,1166.43,2,2,2,Champion
516612217,0,1,447.86,2,2,2,Champion
516614527,0,1,148.88,2,2,1,Loyal
516616624,0,1,1206.78,2,2,2,Champion
516621180,0,1,174.45,2,2,1,Loyal
516621399,0,1,106.31,2,2,1,Loyal
516623587,0,1,197.52,2,2,1,Loyal
516627397,0,2,936.13,2,2,2,Champion
516634933,0,1,115.23,2,2,1,Loyal
516635526,0,1,223.43,2,2,1,Loyal
516641540,0,4,1102.8999999999999,2,2,2,Champion
516654572,0,1,579.16,2,2,2,Champion
516662112,0,1,104.22,2,2,1,Loyal
516670531,0,1,253.31,2,2,1,Loyal
516671825,0,1,105.28,2,2,1,Loyal
516679764,0,1,1415.48,2,2,2,Champion
516689034,0,1,72.66,2,2,1,Loyal
516690999,0,1,177.44,2,2,1,Loyal
516691126,0,2,1861.06,2,2,2,Champion
516702512,0,2,384.96,2,2,2,Champion
516714492,0,1,254.26,2,2,1,Loyal
516721346,0,1,464.08,2,2,2,Champion
516727770,0,1,64.33,2,2,1,Loyal
516730774,0,1,975.56,2,2,2,Champion
516734272,0,1,100.13,2,2,1,Loyal
516751387,0,1,130.76,2,2,1,Loyal
516776909,0,1,203.35,2,2,1,Loyal
516776950,0,1,1012.64,2,2,2,Champion
516796169,0,1,64.33,2,2,1,Loyal
516799613,0,1,360.08,2,2,2,Champion
516809784,0,2,379.64,2,2,2,Champion
516817045,0,2,16.88,2,2,1,Loyal
516835591,0,1,102.84,2,2,1,Loyal
516842880,0,1,74.57,2,2,1,Loyal
516855221,0,1,82.63,2,2,1,Loyal
516858997,0,2,1348.54,2,2,2,Champion
516862222,0,1,254.76,2,2,2,Champion
516864197,0,1,72.84,2,2,1,Loyal
516869458,0,1,357.25,2,2,2,Champion
516871531,0,1,161.93,2,2,1,Loyal
516871672,0,1,130.6,2,2,1,Loyal
516880510,0,1,22.39,2,2,1,Loyal
516881016,0,1,161.93,2,2,1,Loyal
516885410,0,1,130.76,2,2,1,Loyal
516892156,0,1,254.26,2,2,1,Loyal
516910968,0,1,241.18,2,2,1,Loyal
516931335,0,1,51.2,2,2,1,Loyal
516986401,0,1,304.25,2,2,2,Champion
516987591,0,1,241.18,2,2,1,Loyal
516988457,0,1,278.24,2,2,2,Champion
516994141,0,1,642.2,2,2,2,Champion
516997732,0,1,391.9,2,2,2,Champion
516998232,0,3,489.34000000000003,2,2,2,Champion
517000425,0,1,120.21,2,2,1,Loyal
517000949,0,1,138.46,2,2,1,Loyal
517010638,0,1,38.32,2,2,1,Loyal
517011946,0,1,66.87,2,2,1,Loyal
517012845,0,1,185.71,2,2,1,Loyal
517013946,0,3,1732.08,2,2,2,Champion
517017904,0,1,189.97,2,2,1,Loyal
517027937,0,1,10.27,2,2,1,Loyal
517028589,0,1,150.7,2,2,1,Loyal
517029376,0,1,975.57,2,2,2,Champion
517030128,0,1,377.14,2,2,2,Champion
517031024,0,1,254.76,2,2,2,Champion
517033904,0,2,947.3700000000001,2,2,2,Champion
517038345,0,1,59.18,2,2,1,Loyal
517041134,0,1,150.7,2,2,1,Loyal
517047349,0,1,348.53,2,2,2,Champion
517051449,0,2,1129.73,2,2,2,Champion
517056106,0,1,946.97,2,2,2,Champion
517057946,0,1,1747.79,2,2,2,Champion
517058982,0,1,975.57,2,2,2,Champion
517064324,0,1,154.39,2,2,1,Loyal
517067518,0,1,174.12,2,2,1,Loyal
517080261,0,1,64.35,2,2,1,Loyal
517080750,0,1,72.05,2,2,1,Loyal
517090194,0,1,63.06,2,2,1,Loyal
517094918,0,1,164.47,2,2,1,Loyal
517105465,0,1,738.61,2,2,2,Champion
517129285,0,1,339.75,2,2,2,Champion
517129864,0,1,189.91,2,2,1,Loyal
517130259,0,5,1365.97,2,2,2,Champion
517144611,0,1,130.76,2,2,1,Loyal
517151999,0,1,197.95,2,2,1,Loyal
517158594,0,1,506.29,2,2,2,Champion
517162182,0,1,97.27,2,2,1,Loyal
517162536,0,1,230.89,2,2,1,Loyal
517163214,0,1,89.83,2,2,1,Loyal
517171870,0,1,278.54,2,2,2,Champion
517173433,0,1,1413.16,2,2,2,Champion
517181642,0,1,130.62,2,2,1,Loyal
517183407,0,1,464.06,2,2,2,Champion
517186950,0,3,580.56,2,2,2,Champion
517192136,0,1,1747.79,2,2,2,Champion
517198314,0,1,128.42,2,2,1,Loyal
517209587,0,1,254.76,2,2,2,Champion
517214323,0,1,174.78,2,2,1,Loyal
517215243,0,1,179.39,2,2,1,Loyal
517217866,0,1,24.43,2,2,1,Loyal
517222711,0,1,174.45,2,2,1,Loyal
517227721,0,1,746.29,2,2,2,Champion
517243251,0,1,295.94,2,2,2,Champion
517261034,0,2,323.86,2,2,2,Champion
517266288,0,1,193.03,2,2,1,Loyal
517276672,0,1,373.21,2,2,2,Champion
517280191,0,2,308.2,2,2,2,Champion
517290386,0,1,738.61,2,2,2,Champion
517300120,0,1,96.53,2,2,1,Loyal
517301267,0,1,282.2,2,2,2,Champion
517317524,0,2,360.32,2,2,2,Champion
517320629,0,1,130.76,2,2,1,Loyal
517330690,0,1,630.65,2,2,2,Champion
517342181,0,1,282.2,2,2,2,Champion
517401784,0,2,236.04,2,2,1,Loyal
517410542,0,1,97.79,2,2,1,Loyal
517413325,0,4,2545.67,2,2,2,Champion
517417670,0,3,810.78,2,2,2,Champion
517417856,0,1,643.26,2,2,2,Champion
517420460,0,2,855.71,2,2,2,Champion
517422059,0,1,95.21,2,2,1,Loyal
517438679,0,1,259.98,2,2,2,Champion
517439039,0,1,17.25,2,2,1,Loyal
517445543,0,1,64.08,2,2,1,Loyal
517453350,0,1,115.41,2,2,1,Loyal
517457516,0,1,97.79,2,2,1,Loyal
517460166,0,1,513.81,2,2,2,Champion
517461849,0,1,177.44,2,2,1,Loyal
517465372,0,1,24.2,2,2,1,Loyal
517472791,0,1,251.74,2,2,1,Loyal
517476357,0,2,514.44,2,2,2,Champion
517480917,0,1,733.81,2,2,2,Champion
517483688,0,1,507.86,2,2,2,Champion
517484986,0,2,1618.2600000000002,2,2,2,Champion
517488382,0,1,253.31,2,2,1,Loyal
517490458,0,1,46.31,2,2,1,Loyal
517493010,0,1,133.67,2,2,1,Loyal
517495421,0,1,587.56,2,2,2,Champion
517496793,0,1,308.65,2,2,2,Champion
517499777,0,1,254.26,2,2,1,Loyal
517505979,0,1,286.86,2,2,2,Champion
517506113,0,1,208.23,2,2,1,Loyal
517519021,0,1,66.67,2,2,1,Loyal
517529110,0,1,513.81,2,2,2,Champion
517540956,0,2,321.5,2,2,2,Champion
517546021,0,1,203.35,2,2,1,Loyal
517549179,0,1,1052.79,2,2,2,Champion
517554689,0,1,733.81,2,2,2,Champion
517565718,0,2,1574.2,2,2,2,Champion
517565992,0,1,360.08,2,2,2,Champion
517567208,0,1,66.67,2,2,1,Loyal
517570673,0,1,159.69,2,2,1,Loyal
517575585,0,2,1750.31,2,2,2,Champion
517577978,0,1,975.56,2,2,2,Champion
517584729,0,1,975.57,2,2,2,Champion
517606600,0,1,257.04,2,2,2,Champion
517617046,0,1,642.95,2,2,2,Champion
517635829,0,2,1530.03,2,2,2,Champion
517643662,0,1,452.81,2,2,2,Champion
517646155,0,1,161.93,2,2,1,Loyal
517656095,0,1,185.7,2,2,1,Loyal
517663086,0,1,247.08,2,2,1,Loyal
517670268,0,1,975.56,2,2,2,Champion
517672882,0,1,150.7,2,2,1,Loyal
517681482,0,2,25.68,2,2,1,Loyal
517682460,0,2,570.87,2,2,2,Champion
517683119,0,1,130.7,2,2,1,Loyal
517684195,0,1,286.86,2,2,2,Champion
517684504,0,1,360.34,2,2,2,Champion
517690078,0,1,422.09,2,2,2,Champion
517702172,0,2,95.19,2,2,1,Loyal
517709060,0,1,49.16,2,2,1,Loyal
517709095,0,1,130.73,2,2,1,Loyal
517710625,0,2,1029.46,2,2,2,Champion
517710736,0,2,176.27999999999997,2,2,1,Loyal
517719222,0,1,286.86,2,2,2,Champion
517723589,0,1,130.76,2,2,1,Loyal
517732701,0,1,128.61,2,2,1,Loyal
517745636,0,2,352.14,2,2,2,Champion
517801983,0,1,617.75,2,2,2,Champion
517802997,0,1,965.02,2,2,2,Champion
517806574,0,1,33.44,2,2,1,Loyal
517815788,0,1,33.44,2,2,1,Loyal
517816301,0,1,975.57,2,2,2,Champion
517816359,0,1,66.87,2,2,1,Loyal
517817468,0,1,133.67,2,2,1,Loyal
517825097,0,1,975.57,2,2,2,Champion
517834352,0,1,46.31,2,2,1,Loyal
517835242,0,1,164.71,2,2,1,Loyal
517835572,0,1,130.7,2,2,1,Loyal
517855996,0,1,365.49,2,2,2,Champion
517857007,0,2,1473.42,2,2,2,Champion
517864279,0,1,196.68,2,2,1,Loyal
517871701,0,1,957.53,2,2,2,Champion
517875526,0,4,755.76,2,2,2,Champion
517883707,0,1,386.88,2,2,2,Champion
517885428,0,1,130.76,2,2,1,Loyal
517888204,0,1,385.59,2,2,2,Champion
517888308,0,2,1850.5,2,2,2,Champion
517892631,0,1,11.04,2,2,1,Loyal
517893246,0,1,579.68,2,2,2,Champion
517896299,0,1,1093.95,2,2,2,Champion
517897687,0,1,105.28,2,2,1,Loyal
517910395,0,1,231.64,2,2,1,Loyal
517918947,0,1,975.56,2,2,2,Champion
517921237,0,1,975.57,2,2,2,Champion
517922192,0,1,818.41,2,2,2,Champion
517922397,0,1,286.86,2,2,2,Champion
517937261,0,1,188.73,2,2,1,Loyal
517941870,0,1,154.41,2,2,1,Loyal
517944904,0,1,171.56,2,2,1,Loyal
517946092,0,3,929.29,2,2,2,Champion
517950566,0,1,278.54,2,2,2,Champion
517953667,0,1,39.62,2,2,1,Loyal
517956031,0,1,248.62,2,2,1,Loyal
517975408,0,1,130.73,2,2,1,Loyal
517977767,0,3,317.09999999999997,2,2,2,Champion
517988817,0,1,174.45,2,2,1,Loyal
517990795,0,4,2254.5299999999997,2,2,2,Champion
517993889,0,1,189.82,2,2,1,Loyal
518014417,0,2,44.78,2,2,1,Loyal
518014715,0,1,130.76,2,2,1,Loyal
518018676,0,1,185.71,2,2,1,Loyal
518029824,0,1,154.39,2,2,1,Loyal
518029930,0,1,450.46,2,2,2,Champion
518034920,0,1,787.11,2,2,2,Champion
518044530,0,4,950.86,2,2,2,Champion
518045212,0,1,115.75,2,2,1,Loyal
518048966,0,1,130.76,2,2,1,Loyal
518052184,0,1,23.14,2,2,1,Loyal
518063002,0,1,278.54,2,2,2,Champion
518077144,0,1,141.29,2,2,1,Loyal
518078166,0,1,109.36,2,2,1,Loyal
518102120,0,1,25.71,2,2,1,Loyal
518105307,0,1,427.01,2,2,2,Champion
518108841,0,3,169.26999999999998,2,2,1,Loyal
518115010,0,3,1082.99,2,2,2,Champion
518124141,0,1,808.27,2,2,2,Champion
518147625,0,1,43.24,2,2,1,Loyal
518187663,0,1,130.62,2,2,1,Loyal
518196291,0,3,2410.32,2,2,2,Champion
518198365,0,1,68.0,2,2,1,Loyal
518261941,0,1,161.93,2,2,1,Loyal
518264719,0,1,91.12,2,2,1,Loyal
518267951,0,1,10.27,2,2,1,Loyal
518274505,0,1,133.67,2,2,1,Loyal
518277157,0,1,278.54,2,2,2,Champion
518292326,0,1,22.39,2,2,1,Loyal
518292601,0,1,69.47,2,2,1,Loyal
518298958,0,1,231.64,2,2,1,Loyal
518305189,0,1,738.39,2,2,2,Champion
518306066,0,1,33.44,2,2,1,Loyal
518309513,0,4,553.1800000000001,2,2,2,Champion
518322731,0,1,388.68,2,2,2,Champion
518326271,0,2,1563.76,2,2,2,Champion
518326640,0,3,1258.8000000000002,2,2,2,Champion
518326793,0,1,93.75,2,2,1,Loyal
518328092,0,1,257.2,2,2,2,Champion
518328997,0,4,522.92,2,2,2,Champion
518343446,0,1,130.76,2,2,1,Loyal
518347246,0,1,388.43,2,2,2,Champion
518351586,0,1,100.12,2,2,1,Loyal
518365006,0,1,130.7,2,2,1,Loyal
518369443,0,1,208.12,2,2,1,Loyal
518372699,0,1,130.7,2,2,1,Loyal
518372935,0,1,738.61,2,2,2,Champion
518374122,0,1,694.48,2,2,2,Champion
518377026,0,1,259.98,2,2,2,Champion
518381498,0,1,464.06,2,2,2,Champion
518381623,0,2,407.48,2,2,2,Champion
518413114,0,1,164.71,2,2,1,Loyal
518419032,0,1,286.68,2,2,2,Champion
518427651,0,1,97.81,2,2,1,Loyal
518428796,0,1,368.04,2,2,2,Champion
518431897,0,2,69.45,2,2,1,Loyal
518459006,0,1,738.61,2,2,2,Champion
518463311,0,1,1415.48,2,2,2,Champion
518471630,0,1,360.08,2,2,2,Champion
518475370,0,1,130.7,2,2,1,Loyal
518479938,0,1,254.76,2,2,2,Champion
518486424,0,1,80.33,2,2,1,Loyal
518488095,0,1,823.68,2,2,2,Champion
518489450,0,1,476.18,2,2,2,Champion
518490898,0,1,130.7,2,2,1,Loyal
518494067,0,1,43.66,2,2,1,Loyal
518498950,0,1,286.86,2,2,2,Champion
518502334,0,1,95.21,2,2,1,Loyal
518518709,0,1,257.04,2,2,2,Champion
518522957,0,1,205.5,2,2,1,Loyal
518526959,0,1,787.11,2,2,2,Champion
518537539,0,1,22.39,2,2,1,Loyal
518554935,0,3,496.52,2,2,2,Champion
518558162,0,1,130.7,2,2,1,Loyal
518562310,0,3,917.5899999999999,2,2,2,Champion
518563797,0,1,130.7,2,2,1,Loyal
518565207,0,3,186.93,2,2,1,Loyal
518567988,0,1,96.53,2,2,1,Loyal
518586902,0,1,463.31,2,2,2,Champion
518590286,0,2,2388.7200000000003,2,2,2,Champion
518599877,0,1,1634.51,2,2,2,Champion
518610361,0,1,7.7,2,2,1,Loyal
518611645,0,1,311.84,2,2,2,Champion
518612210,0,1,464.08,2,2,2,Champion
518615034,0,8,7804.5,2,2,2,Champion
518617024,0,1,993.33,2,2,2,Champion
518619616,0,4,611.0799999999999,2,2,2,Champion
518626190,0,4,268.04,2,2,2,Champion
518626299,0,2,349.56,2,2,2,Champion
518632480,0,1,13.98,2,2,1,Loyal
518633335,0,4,847.6,2,2,2,Champion
518634798,0,1,388.43,2,2,2,Champion
518637161,0,1,39.87,2,2,1,Loyal
518637973,0,1,134.41,2,2,1,Loyal
518638658,0,2,8.04,2,2,1,Loyal
518644245,0,1,153.04,2,2,1,Loyal
518644466,0,1,161.93,2,2,1,Loyal
518645000,0,4,742.83,2,2,2,Champion
518645197,0,1,134.41,2,2,1,Loyal
518645809,0,1,587.53,2,2,2,Champion
518648622,0,1,259.98,2,2,2,Champion
518650225,0,7,3751.6400000000003,2,2,2,Champion
518652131,0,1,1416.46,2,2,2,Champion
518653980,0,1,334.6,2,2,2,Champion
518655525,0,1,587.53,2,2,2,Champion
518657508,0,1,1415.48,2,2,2,Champion
518659909,0,1,130.73,2,2,1,Loyal
518660913,0,1,80.83,2,2,1,Loyal
518663539,0,1,161.93,2,2,1,Loyal
518663764,0,1,1209.53,2,2,2,Champion
518667476,0,1,34.75,2,2,1,Loyal
518668166,0,1,130.7,2,2,1,Loyal
518669994,0,1,1747.79,2,2,2,Champion
518674655,0,1,286.35,2,2,2,Champion
518679812,0,1,48.14,2,2,1,Loyal
518681589,0,1,710.25,2,2,2,Champion
518690719,0,2,334.53,2,2,2,Champion
518695276,0,1,130.76,2,2,1,Loyal
518696096,0,1,185.71,2,2,1,Loyal
518701360,0,1,67.76,2,2,1,Loyal
518705939,0,1,256.88,2,2,2,Champion
518706589,0,1,8.88,2,2,1,Loyal
518707545,0,1,975.57,2,2,2,Champion
518712460,0,1,43.24,2,2,1,Loyal
518714178,0,1,161.93,2,2,1,Loyal
518715731,0,1,1541.87,2,2,2,Champion
518717463,0,1,90.07,2,2,1,Loyal
518719116,0,1,1286.75,2,2,2,Champion
518719764,0,1,254.76,2,2,2,Champion
518720155,0,2,149.24,2,2,1,Loyal
518727989,0,1,435.78,2,2,2,Champion
518728136,0,1,161.93,2,2,1,Loyal
518728937,0,1,1415.48,2,2,2,Champion
518730189,0,1,975.57,2,2,2,Champion
518731886,0,1,119.69,2,2,1,Loyal
518732258,0,1,64.32,2,2,1,Loyal
518733077,0,1,746.29,2,2,2,Champion
518733944,0,1,59.18,2,2,1,Loyal
518735320,0,1,311.84,2,2,2,Champion
518740425,0,1,19.54,2,2,1,Loyal
518741024,0,1,975.57,2,2,2,Champion
518743137,0,1,254.76,2,2,2,Champion
518746424,0,1,248.89,2,2,1,Loyal
518746541,0,2,951.48,2,2,2,Champion
518748102,0,1,25.71,2,2,1,Loyal
518748277,0,3,495.43,2,2,2,Champion
518749285,0,1,1205.18,2,2,2,Champion
518753889,0,1,187.65,2,2,1,Loyal
518757107,0,1,197.52,2,2,1,Loyal
518760708,0,1,64.09,2,2,1,Loyal
518767148,0,2,509.52,2,2,2,Champion
518767433,0,2,2018.97,2,2,2,Champion
518773214,0,1,23.14,2,2,1,Loyal
518773898,0,3,794.48,2,2,2,Champion
518778327,0,1,1747.79,2,2,2,Champion
518780379,0,1,738.39,2,2,2,Champion
518782778,0,1,55.39,2,2,1,Loyal
518782857,0,3,1381.74,2,2,2,Champion
518785860,0,1,514.76,2,2,2,Champion
518790054,0,1,179.35,2,2,1,Loyal
518792802,0,3,787.9200000000001,2,2,2,Champion
518794940,0,1,1286.75,2,2,2,Champion
518796794,0,1,153.15,2,2,1,Loyal
518797445,0,2,416.24,2,2,2,Champion
518799473,0,1,1052.79,2,2,2,Champion
518806322,0,1,136.43,2,2,1,Loyal
518808538,0,1,49.81,2,2,1,Loyal
518810528,0,1,310.37,2,2,2,Champion
518821515,0,1,90.35,2,2,1,Loyal
518824855,0,1,92.13,2,2,1,Loyal
518827118,0,1,345.39,2,2,2,Champion
518837846,0,1,185.08,2,2,1,Loyal
518840837,0,6,2112.67,2,2,2,Champion
518859791,0,1,107.8,2,2,1,Loyal
518864043,0,1,130.76,2,2,1,Loyal
518877125,0,1,348.53,2,2,2,Champion
518877233,0,1,95.01,2,2,1,Loyal
518885182,0,1,92.64,2,2,1,Loyal
518885811,0,1,254.26,2,2,1,Loyal
518887999,0,1,395.1,2,2,2,Champion
518895009,0,3,723.54,2,2,2,Champion
518895146,0,1,188.73,2,2,1,Loyal
518895149,0,1,185.7,2,2,1,Loyal
518900115,0,1,231.64,2,2,1,Loyal
518904035,0,1,514.76,2,2,2,Champion
518905174,0,1,188.73,2,2,1,Loyal
518907987,0,1,68.0,2,2,1,Loyal
518917238,0,2,375.62,2,2,2,Champion
518942602,0,1,130.7,2,2,1,Loyal
518953477,0,1,161.93,2,2,1,Loyal
518957139,0,1,746.22,2,2,2,Champion
518962372,0,1,177.2,2,2,1,Loyal
518965560,0,1,256.45,2,2,2,Champion
518968722,0,4,742.84,2,2,2,Champion
518971487,0,2,1049.9299999999998,2,2,2,Champion
518999671,0,3,485.09,2,2,2,Champion
519004651,0,1,174.75,2,2,1,Loyal
519010734,0,1,286.86,2,2,2,Champion
519022529,0,1,738.39,2,2,2,Champion
519034566,0,3,1449.07,2,2,2,Champion
519035335,0,1,388.43,2,2,2,Champion
519035885,0,1,51.22,2,2,1,Loyal
519036132,0,1,453.27,2,2,2,Champion
519040494,0,2,180.7,2,2,1,Loyal
519040552,0,1,1413.16,2,2,2,Champion
519042986,0,1,22.39,2,2,1,Loyal
519047492,0,1,733.81,2,2,2,Champion
519049806,0,1,197.43,2,2,1,Loyal
519058549,0,1,149.01,2,2,1,Loyal
519058946,0,9,14358.17,2,2,2,Champion
519064956,0,1,1415.48,2,2,2,Champion
519068726,0,1,128.45,2,2,1,Loyal
519069004,0,1,256.12,2,2,2,Champion
519072328,0,1,33.43,2,2,1,Loyal
519079766,0,1,460.5,2,2,2,Champion
519082953,0,1,1012.77,2,2,2,Champion
519083227,0,2,590.98,2,2,2,Champion
519084649,0,1,130.76,2,2,1,Loyal
519092869,0,1,383.51,2,2,2,Champion
519095548,0,1,188.73,2,2,1,Loyal
519099781,0,1,161.93,2,2,1,Loyal
519104241,0,1,118.15,2,2,1,Loyal
519106044,0,1,579.68,2,2,2,Champion
519111408,0,1,43.76,2,2,1,Loyal
519115275,0,1,963.27,2,2,2,Champion
519116650,0,1,738.39,2,2,2,Champion
519123981,0,1,25.71,2,2,1,Loyal
519125255,0,1,64.08,2,2,1,Loyal
519137984,0,1,130.7,2,2,1,Loyal
519139862,0,1,286.86,2,2,2,Champion
519149809,0,1,1335.63,2,2,2,Champion
519157825,0,1,975.57,2,2,2,Champion
519159282,0,1,101.93,2,2,1,Loyal
519160943,0,1,230.89,2,2,1,Loyal
519170395,0,1,64.08,2,2,1,Loyal
519173093,0,1,185.08,2,2,1,Loyal
519173171,0,1,161.93,2,2,1,Loyal
519173267,0,1,35.01,2,2,1,Loyal
519176948,0,1,133.67,2,2,1,Loyal
519193930,0,2,1951.14,2,2,2,Champion
519194101,0,1,111.79,2,2,1,Loyal
519204077,0,1,308.63,2,2,2,Champion
519204256,0,2,1951.14,2,2,2,Champion
519206328,0,1,16.13,2,2,1,Loyal
519206345,0,1,161.93,2,2,1,Loyal
519210667,0,1,22.39,2,2,1,Loyal
519213749,0,1,230.89,2,2,1,Loyal
519217572,0,1,64.33,2,2,1,Loyal
519225398,0,1,1747.79,2,2,2,Champion
519226130,0,1,62.94,2,2,1,Loyal
519226390,0,1,1181.5,2,2,2,Champion
519234503,0,1,314.53,2,2,2,Champion
519235220,0,3,463.08000000000004,2,2,2,Champion
519236625,0,1,22.39,2,2,1,Loyal
519239396,0,2,1933.1,2,2,2,Champion
519246337,0,1,48.91,2,2,1,Loyal
519255635,0,1,514.76,2,2,2,Champion
519258670,0,1,957.53,2,2,2,Champion
519259003,0,1,1012.19,2,2,2,Champion
519261607,0,1,115.41,2,2,1,Loyal
519262835,0,1,130.76,2,2,1,Loyal
519267393,0,1,292.79,2,2,2,Champion
519267944,0,1,514.76,2,2,2,Champion
519280094,0,1,975.57,2,2,2,Champion
519282157,0,2,565.4200000000001,2,2,2,Champion
519282268,0,1,231.64,2,2,1,Loyal
519283385,0,1,174.52,2,2,1,Loyal
519283776,0,1,10.27,2,2,1,Loyal
519288127,0,1,176.3,2,2,1,Loyal
519290142,0,1,229.32,2,2,1,Loyal
519295897,0,2,2828.6400000000003,2,2,2,Champion
519311105,0,1,111.79,2,2,1,Loyal
519313141,0,1,179.67,2,2,1,Loyal
519319416,0,1,28.83,2,2,1,Loyal
519322007,0,2,332.38,2,2,2,Champion
519335991,0,1,339.75,2,2,2,Champion
519345287,0,1,329.22,2,2,2,Champion
519393154,0,1,579.17,2,2,2,Champion
519405363,0,2,1051.9099999999999,2,2,2,Champion
519408904,0,1,130.7,2,2,1,Loyal
519409234,0,1,142.86,2,2,1,Loyal
519421448,0,3,19.490000000000002,2,2,1,Loyal
519437367,0,1,174.46,2,2,1,Loyal
519440228,0,1,161.93,2,2,1,Loyal
519447490,0,1,1415.48,2,2,2,Champion
519447668,0,1,787.18,2,2,2,Champion
519459893,0,1,1747.79,2,2,2,Champion
519473836,0,1,258.18,2,2,2,Champion
519479877,0,1,66.89,2,2,1,Loyal
519484978,0,5,896.8199999999999,2,2,2,Champion
519488321,0,1,376.85,2,2,2,Champion
519491581,0,1,286.86,2,2,2,Champion
519495832,0,1,257.15,2,2,2,Champion
519496821,0,1,295.49,2,2,2,Champion
519500401,0,3,485.79,2,2,2,Champion
519510279,0,1,308.63,2,2,2,Champion
519524325,0,1,175.83,2,2,1,Loyal
519529748,0,1,1027.05,2,2,2,Champion
519533291,0,7,156.73000000000002,2,2,1,Loyal
519543258,0,1,38.87,2,2,1,Loyal
519571191,0,1,1415.48,2,2,2,Champion
519579180,0,1,23.14,2,2,1,Loyal
519590486,0,1,19.92,2,2,1,Loyal
519607496,0,1,188.73,2,2,1,Loyal
519613198,0,2,380.9,2,2,2,Champion
519626472,0,1,286.86,2,2,2,Champion
519637033,0,1,251.74,2,2,1,Loyal
519639076,0,1,130.76,2,2,1,Loyal
519642485,0,1,710.25,2,2,2,Champion
519642732,0,1,643.23,2,2,2,Champion
519654731,0,1,286.86,2,2,2,Champion
519682985,0,1,42.21,2,2,1,Loyal
519684037,0,1,8.88,2,2,1,Loyal
519686881,0,3,485.79,2,2,2,Champion
519748587,0,1,174.75,2,2,1,Loyal
519751814,0,1,286.86,2,2,2,Champion
519756145,0,1,130.76,2,2,1,Loyal
519782105,0,2,256.9,2,2,2,Champion
519788537,0,1,41.16,2,2,1,Loyal
519790296,0,1,51.46,2,2,1,Loyal
519791367,0,1,244.25,2,2,1,Loyal
519792801,0,1,22.39,2,2,1,Loyal
519801518,0,1,241.18,2,2,1,Loyal
519805305,0,1,306.31,2,2,2,Champion
519806009,0,1,738.61,2,2,2,Champion
519813130,0,1,9.76,2,2,1,Loyal
519813252,0,1,803.96,2,2,2,Champion
519824015,0,2,198.92,2,2,1,Loyal
519827445,0,1,46.31,2,2,1,Loyal
519828679,0,2,824.14,2,2,2,Champion
519859565,0,1,86.1,2,2,1,Loyal
519875048,0,1,64.32,2,2,1,Loyal
519884554,0,4,1301.5500000000002,2,2,2,Champion
519895325,0,1,46.31,2,2,1,Loyal
519897894,0,2,1067.18,2,2,2,Champion
519902438,0,2,421.86,2,2,2,Champion
519903384,0,1,175.76,2,2,1,Loyal
519906655,0,1,286.86,2,2,2,Champion
519908877,0,1,203.35,2,2,1,Loyal
519910122,0,1,231.64,2,2,1,Loyal
519913505,0,1,377.14,2,2,2,Champion
519915915,0,1,803.96,2,2,2,Champion
519918943,0,1,36.04,2,2,1,Loyal
519931518,0,1,975.56,2,2,2,Champion
519934303,0,3,1140.77,2,2,2,Champion
519934408,0,1,1477.26,2,2,2,Champion
519939933,0,1,73.57,2,2,1,Loyal
519947744,0,1,189.82,2,2,1,Loyal
519951235,0,1,635.77,2,2,2,Champion
519956889,0,1,787.11,2,2,2,Champion
519968351,0,1,254.26,2,2,1,Loyal
520001951,0,1,130.76,2,2,1,Loyal
520003920,0,1,177.61,2,2,1,Loyal
520006641,0,1,251.74,2,2,1,Loyal
520013659,0,1,37.32,2,2,1,Loyal
520027110,0,1,115.41,2,2,1,Loyal
520027172,0,1,286.86,2,2,2,Champion
520033511,0,1,254.26,2,2,1,Loyal
520034276,0,1,25.71,2,2,1,Loyal
520036848,0,1,286.86,2,2,2,Champion
520047648,0,1,464.08,2,2,2,Champion
520047712,0,1,185.71,2,2,1,Loyal
520072867,0,1,464.08,2,2,2,Champion
520074605,0,1,46.59,2,2,1,Loyal
520080778,0,1,223.69,2,2,1,Loyal
520090525,0,1,135.14,2,2,1,Loyal
520098440,0,1,45.28,2,2,1,Loyal
520144148,0,1,321.5,2,2,2,Champion
520159128,0,2,178.36,2,2,1,Loyal
520170399,0,1,115.75,2,2,1,Loyal
520172334,0,2,409.01,2,2,2,Champion
520174306,0,2,776.86,2,2,2,Champion
520175111,0,1,38.35,2,2,1,Loyal
520176362,0,2,19.52,2,2,1,Loyal
520184711,0,1,133.67,2,2,1,Loyal
520200652,0,1,130.76,2,2,1,Loyal
520210499,0,1,946.97,2,2,2,Champion
520228273,0,1,13.53,2,2,1,Loyal
520264548,0,2,2180.8,2,2,2,Champion
520285811,0,1,1747.79,2,2,2,Champion
520290766,0,1,360.08,2,2,2,Champion
520295401,0,1,203.35,2,2,1,Loyal
520308965,0,1,167.03,2,2,1,Loyal
520316727,0,1,1746.89,2,2,2,Champion
520320327,0,1,111.79,2,2,1,Loyal
520354630,0,1,1206.78,2,2,2,Champion
520362850,0,1,59.19,2,2,1,Loyal
520382106,0,1,395.1,2,2,2,Champion
520384563,0,2,46.57,2,2,1,Loyal
520395222,0,1,82.89,2,2,1,Loyal
520398324,0,1,135.14,2,2,1,Loyal
520403457,0,1,581.22,2,2,2,Champion
520411735,0,1,130.7,2,2,1,Loyal
520438926,0,1,253.31,2,2,1,Loyal
520446934,0,2,97.39,2,2,1,Loyal
520492107,0,1,975.57,2,2,2,Champion
520548140,0,1,188.73,2,2,1,Loyal
520552458,0,1,1595.92,2,2,2,Champion
520568469,0,1,130.7,2,2,1,Loyal
520575200,0,1,243.25,2,2,1,Loyal
520605795,0,1,29.6,2,2,1,Loyal
520610573,0,3,610.05,2,2,2,Champion
520614844,0,2,371.42,2,2,2,Champion
520615348,0,1,15.42,2,2,1,Loyal
520635616,0,1,164.74,2,2,1,Loyal
520658379,0,1,2056.68,2,2,2,Champion
520663167,0,1,130.7,2,2,1,Loyal
520678948,0,2,2082.14,2,2,2,Champion
520680119,0,1,61.75,2,2,1,Loyal
520681813,0,1,452.81,2,2,2,Champion
520683548,0,1,579.6,2,2,2,Champion
520684728,0,2,3494.6800000000003,2,2,2,Champion
520710847,0,1,817.54,2,2,2,Champion
520720491,0,1,42.45,2,2,1,Loyal
520725965,0,1,161.93,2,2,1,Loyal
520732938,0,1,1042.92,2,2,2,Champion
520743131,0,1,360.08,2,2,2,Champion
520744575,0,1,254.76,2,2,2,Champion
520784356,0,1,130.7,2,2,1,Loyal
520788050,0,1,1205.18,2,2,2,Champion
520796585,0,1,174.45,2,2,1,Loyal
520835469,0,1,130.76,2,2,1,Loyal
520841519,0,1,514.76,2,2,2,Champion
520848483,0,1,130.76,2,2,1,Loyal
520870120,0,1,1178.49,2,2,2,Champion
520907653,0,1,445.7,2,2,2,Champion
520955927,0,1,975.57,2,2,2,Champion
520959206,0,1,142.84,2,2,1,Loyal
520970921,0,1,149.81,2,2,1,Loyal
520979895,0,1,154.38,2,2,1,Loyal
520981322,0,5,338.41999999999996,2,2,2,Champion
520986032,0,1,162.58,2,2,1,Loyal
520989251,0,1,8.47,2,2,1,Loyal
520989913,0,1,130.76,2,2,1,Loyal
520992260,0,1,975.56,2,2,2,Champion
520993816,0,1,587.56,2,2,2,Champion
520993933,0,1,187.88,2,2,1,Loyal
521005401,0,1,35.41,2,2,1,Loyal
521007017,0,1,506.29,2,2,2,Champion
521009984,0,1,90.35,2,2,1,Loyal
521025937,0,2,824.14,2,2,2,Champion
521038273,0,1,130.73,2,2,1,Loyal
521044059,0,2,508.52,2,2,2,Champion
521045116,0,1,43.68,2,2,1,Loyal
521053065,0,1,143.73,2,2,1,Loyal
521069746,0,1,57.89,2,2,1,Loyal
521078669,0,1,514.76,2,2,2,Champion
521103713,0,1,51.43,2,2,1,Loyal
521113810,0,1,130.7,2,2,1,Loyal
521127311,0,1,1415.48,2,2,2,Champion
521148690,0,1,821.12,2,2,2,Champion
521157438,0,1,464.08,2,2,2,Champion
521162064,0,1,285.51,2,2,2,Champion
521184829,0,1,1072.36,2,2,2,Champion
521185100,0,1,142.86,2,2,1,Loyal
521221594,0,1,738.61,2,2,2,Champion
521241239,0,1,210.29,2,2,1,Loyal
521271832,0,1,254.26,2,2,1,Loyal
521283225,0,1,286.86,2,2,2,Champion
521316598,0,1,285.69,2,2,2,Champion
521332032,0,1,470.77,2,2,2,Champion
521333161,0,1,254.76,2,2,2,Champion
521355782,0,1,1747.79,2,2,2,Champion
521355812,0,2,2368.1,2,2,2,Champion
521363670,0,1,368.04,2,2,2,Champion
521382520,0,1,144.12,2,2,1,Loyal
521387410,0,1,360.08,2,2,2,Champion
521390253,0,1,41.16,2,2,1,Loyal
521396469,0,1,174.26,2,2,1,Loyal
521416387,0,1,130.7,2,2,1,Loyal
521433050,0,1,130.76,2,2,1,Loyal
521435917,0,1,286.86,2,2,2,Champion
521441022,0,1,376.85,2,2,2,Champion
521445590,0,1,28.03,2,2,1,Loyal
521473338,0,1,587.53,2,2,2,Champion
521486707,0,1,130.7,2,2,1,Loyal
521491823,0,1,254.26,2,2,1,Loyal
521505748,0,2,292.63,2,2,2,Champion
521523580,0,1,308.86,2,2,2,Champion
521525100,0,1,282.89,2,2,2,Champion
521525611,0,1,136.43,2,2,1,Loyal
521528185,0,1,710.25,2,2,2,Champion
521536674,0,2,2388.73,2,2,2,Champion
521542360,0,1,377.14,2,2,2,Champion
521561277,0,1,86.23,2,2,1,Loyal
521562093,0,1,161.93,2,2,1,Loyal
521573835,0,2,265.16999999999996,2,2,2,Champion
521586999,0,1,123.32,2,2,1,Loyal
521619875,0,1,90.35,2,2,1,Loyal
521636177,0,1,132.64,2,2,1,Loyal
521689597,0,1,222.53,2,2,1,Loyal
521696007,0,1,614.55,2,2,2,Champion
521699563,0,1,202.84,2,2,1,Loyal
521701001,0,1,734.81,2,2,2,Champion
521733408,0,3,182.35000000000002,2,2,1,Loyal
521751795,0,1,238.67,2,2,1,Loyal
521759675,0,1,107.8,2,2,1,Loyal
521771066,0,2,3238.18,2,2,2,Champion
521773470,0,1,738.61,2,2,2,Champion
521781833,0,3,371.53999999999996,2,2,2,Champion
521790920,0,1,733.81,2,2,2,Champion
521810576,0,2,1286.52,2,2,2,Champion
521817898,0,1,278.54,2,2,2,Champion
521819296,0,1,360.11,2,2,2,Champion
521821394,0,1,553.17,2,2,2,Champion
521831913,0,1,303.69,2,2,2,Champion
521833910,0,1,241.18,2,2,1,Loyal
521834057,0,2,359.34,2,2,2,Champion
521835875,0,1,169.86,2,2,1,Loyal
521845933,0,2,73.62,2,2,1,Loyal
521846732,0,1,47.62,2,2,1,Loyal
521853419,0,1,1413.16,2,2,2,Champion
521853690,0,1,92.38,2,2,1,Loyal
521860361,0,1,360.08,2,2,2,Champion
521865458,0,1,506.29,2,2,2,Champion
521870133,0,1,254.76,2,2,2,Champion
521903821,0,1,174.46,2,2,1,Loyal
521904535,0,1,150.7,2,2,1,Loyal
521915075,0,2,96.78,2,2,1,Loyal
521929589,0,1,188.73,2,2,1,Loyal
521951388,0,1,1413.16,2,2,2,Champion
521962282,0,3,1189.76,2,2,2,Champion
521983036,0,1,975.57,2,2,2,Champion
522002402,0,1,161.93,2,2,1,Loyal
522003699,0,2,1729.72,2,2,2,Champion
522011856,0,1,203.35,2,2,1,Loyal
522016074,0,1,735.05,2,2,2,Champion
522019352,0,1,254.82,2,2,2,Champion
522024845,0,2,531.01,2,2,2,Champion
522027971,0,1,171.56,2,2,1,Loyal
522033917,0,2,585.32,2,2,2,Champion
522045960,0,1,254.76,2,2,2,Champion
522097441,0,1,251.74,2,2,1,Loyal
522100976,0,2,642.69,2,2,2,Champion
522114084,0,3,849.5799999999999,2,2,2,Champion
522129216,0,1,251.97,2,2,1,Loyal
522132285,0,1,383.51,2,2,2,Champion
522133702,0,1,100.13,2,2,1,Loyal
522138007,0,1,115.78,2,2,1,Loyal
522153421,0,3,39.84,2,2,1,Loyal
522167092,0,2,2187.9,2,2,2,Champion
522188343,0,1,130.76,2,2,1,Loyal
522193171,0,1,334.37,2,2,2,Champion
522249477,0,1,738.39,2,2,2,Champion
522251790,0,1,334.35,2,2,2,Champion
522285309,0,1,130.76,2,2,1,Loyal
522357458,0,1,733.81,2,2,2,Champion
522358227,0,3,501.09000000000003,2,2,2,Champion
522366714,0,1,64.84,2,2,1,Loyal
522377203,0,1,1747.79,2,2,2,Champion
522386056,0,1,133.67,2,2,1,Loyal
522425183,0,1,715.02,2,2,2,Champion
522438742,0,1,241.18,2,2,1,Loyal
522442172,0,3,762.8299999999999,2,2,2,Champion
522445149,0,2,590.98,2,2,2,Champion
522445410,0,3,547.2,2,2,2,Champion
522448322,0,2,557.0,2,2,2,Champion
522451891,0,1,15.42,2,2,1,Loyal
522456992,0,1,154.41,2,2,1,Loyal
522480761,0,1,360.08,2,2,2,Champion
522491297,0,1,121.24,2,2,1,Loyal
522498063,0,1,181.73,2,2,1,Loyal
522520998,0,4,646.27,2,2,2,Champion
522521721,0,1,464.06,2,2,2,Champion
522531074,0,1,130.7,2,2,1,Loyal
522536593,0,1,110.68,2,2,1,Loyal
522543349,0,1,45.79,2,2,1,Loyal
522583910,0,1,103.08,2,2,1,Loyal
522589380,0,1,181.91,2,2,1,Loyal
522590441,0,1,26.58,2,2,1,Loyal
522595357,0,1,130.76,2,2,1,Loyal
522620709,0,1,92.13,2,2,1,Loyal
522661268,0,1,35.78,2,2,1,Loyal
522663552,0,1,514.56,2,2,2,Champion
522702221,0,2,44.74,2,2,1,Loyal
522706099,0,1,130.7,2,2,1,Loyal
522712559,0,1,241.71,2,2,1,Loyal
522714955,0,1,30.37,2,2,1,Loyal
522716917,0,1,949.83,2,2,2,Champion
522719614,0,1,1052.79,2,2,2,Champion
522726548,0,1,197.43,2,2,1,Loyal
522728337,0,1,40.67,2,2,1,Loyal
522737176,0,1,175.76,2,2,1,Loyal
522740237,0,1,130.7,2,2,1,Loyal
522740768,0,1,1415.48,2,2,2,Champion
522766794,0,1,476.18,2,2,2,Champion
522778733,0,1,174.45,2,2,1,Loyal
522787603,0,1,587.53,2,2,2,Champion
522787764,0,1,31.15,2,2,1,Loyal
522791283,0,1,1158.05,2,2,2,Champion
522804110,0,1,388.81,2,2,2,Champion
522810991,0,1,488.85,2,2,2,Champion
522823060,0,1,77.22,2,2,1,Loyal
522828783,0,1,453.27,2,2,2,Champion
522842835,0,3,1312.71,2,2,2,Champion
522847341,0,1,51.47,2,2,1,Loyal
522848290,0,1,48.11,2,2,1,Loyal
522856919,0,4,716.19,2,2,2,Champion
522882213,0,1,254.76,2,2,2,Champion
522883837,0,1,241.18,2,2,1,Loyal
522887963,0,2,136.18,2,2,1,Loyal
522922742,0,1,1093.95,2,2,2,Champion
522930777,0,1,102.46,2,2,1,Loyal
522937329,0,1,1415.48,2,2,2,Champion
522950263,0,1,102.73,2,2,1,Loyal
522961455,0,1,103.08,2,2,1,Loyal
522962221,0,1,42.19,2,2,1,Loyal
522997898,0,1,51.46,2,2,1,Loyal
523009133,0,1,128.44,2,2,1,Loyal
523026865,0,1,733.81,2,2,2,Champion
523070918,0,1,197.52,2,2,1,Loyal
523090116,0,1,254.76,2,2,2,Champion
523099429,0,1,437.57,2,2,2,Champion
523106769,0,1,179.39,2,2,1,Loyal
523113868,0,1,514.76,2,2,2,Champion
523117953,0,1,66.67,2,2,1,Loyal
523126862,0,1,159.69,2,2,1,Loyal
523128699,0,1,179.35,2,2,1,Loyal
523140152,0,1,130.7,2,2,1,Loyal
523154508,0,1,735.01,2,2,2,Champion
523182651,0,1,278.54,2,2,2,Champion
523191550,0,1,130.7,2,2,1,Loyal
523234173,0,1,464.08,2,2,2,Champion
523238151,0,1,102.73,2,2,1,Loyal
523245586,0,1,33.21,2,2,1,Loyal
523252280,0,1,185.71,2,2,1,Loyal
523259251,0,1,464.08,2,2,2,Champion
523259473,0,2,261.52,2,2,2,Champion
523262790,0,1,164.71,2,2,1,Loyal
523266305,0,2,276.42999999999995,2,2,2,Champion
523272971,0,1,161.93,2,2,1,Loyal
523277834,0,1,51.22,2,2,1,Loyal
523282406,0,2,1430.5500000000002,2,2,2,Champion
523284146,0,1,48.65,2,2,1,Loyal
523338984,0,1,33.39,2,2,1,Loyal
523369267,0,1,134.41,2,2,1,Loyal
523373243,0,1,738.61,2,2,2,Champion
523391131,0,1,32.69,2,2,1,Loyal
523397388,0,1,38.59,2,2,1,Loyal
523493649,0,1,77.2,2,2,1,Loyal
523494965,0,1,90.59,2,2,1,Loyal
523500259,0,4,34.33,2,2,1,Loyal
523500423,0,1,460.76,2,2,2,Champion
523507711,0,1,66.87,2,2,1,Loyal
523508028,0,1,84.69,2,2,1,Loyal
523523856,0,1,171.18,2,2,1,Loyal
523529352,0,1,174.76,2,2,1,Loyal
523533466,0,1,241.18,2,2,1,Loyal
523537800,0,2,1915.06,2,2,2,Champion
523538114,0,2,954.83,2,2,2,Champion
523553973,0,1,111.79,2,2,1,Loyal
523557833,0,1,1287.01,2,2,2,Champion
523562067,0,2,1027.62,2,2,2,Champion
523562997,0,1,131.25,2,2,1,Loyal
523578572,0,1,308.63,2,2,2,Champion
523588315,0,1,506.29,2,2,2,Champion
523591088,0,1,154.39,2,2,1,Loyal
523600275,0,1,130.76,2,2,1,Loyal
523603161,0,2,534.8399999999999,2,2,2,Champion
523627760,0,1,257.15,2,2,2,Champion
523630833,0,1,1413.16,2,2,2,Champion
523640371,0,1,130.76,2,2,1,Loyal
523653775,0,1,20.05,2,2,1,Loyal
523660427,0,2,541.12,2,2,2,Champion
523662281,0,1,30.86,2,2,1,Loyal
523686763,0,3,1392.24,2,2,2,Champion
523709420,0,1,59.23,2,2,1,Loyal
523713791,0,1,89.86,2,2,1,Loyal
523715835,0,1,130.7,2,2,1,Loyal
523718106,0,2,1102.32,2,2,2,Champion
523721629,0,1,188.73,2,2,1,Loyal
523726249,0,1,1052.54,2,2,2,Champion
523733183,0,1,153.67,2,2,1,Loyal
523743806,0,1,130.7,2,2,1,Loyal
523744020,0,1,1415.48,2,2,2,Champion
523751849,0,1,254.82,2,2,2,Champion
523752587,0,1,200.52,2,2,1,Loyal
523753660,0,1,84.21,2,2,1,Loyal
523763083,0,1,154.38,2,2,1,Loyal
523777100,0,2,357.44,2,2,2,Champion
523784859,0,1,733.92,2,2,2,Champion
523785785,0,1,258.29,2,2,2,Champion
523786161,0,1,975.56,2,2,2,Champion
523852143,0,1,189.82,2,2,1,Loyal
523878943,0,1,705.04,2,2,2,Champion
523881633,0,1,360.08,2,2,2,Champion
523914487,0,1,161.93,2,2,1,Loyal
523916409,0,2,112.2,2,2,1,Loyal
523920953,0,1,464.06,2,2,2,Champion
523935320,0,1,111.79,2,2,1,Loyal
523948695,0,2,301.9,2,2,2,Champion
523961370,0,1,1415.48,2,2,2,Champion
523964310,0,1,107.85,2,2,1,Loyal
523966697,0,1,128.42,2,2,1,Loyal
523975887,0,1,965.02,2,2,2,Champion
523985193,0,1,24.2,2,2,1,Loyal
524019149,0,1,90.07,2,2,1,Loyal
524021008,0,1,131.83,2,2,1,Loyal
524043687,0,1,511.71,2,2,2,Champion
524071630,0,1,167.31,2,2,1,Loyal
524076582,0,1,733.92,2,2,2,Champion
524095079,0,1,738.61,2,2,2,Champion
524102669,0,2,349.21,2,2,2,Champion
524102815,0,2,446.86,2,2,2,Champion
524126997,0,3,311.46,2,2,2,Champion
524127534,0,1,203.35,2,2,1,Loyal
524153511,0,1,251.74,2,2,1,Loyal
524155228,0,1,174.45,2,2,1,Loyal
524159625,0,1,69.47,2,2,1,Loyal
524191086,0,1,975.57,2,2,2,Champion
524195462,0,1,286.86,2,2,2,Champion
524223245,0,1,138.92,2,2,1,Loyal
524255326,0,1,130.7,2,2,1,Loyal
524292120,0,1,130.76,2,2,1,Loyal
524308598,0,1,161.93,2,2,1,Loyal
524325294,0,1,515.67,2,2,2,Champion
524337074,0,1,746.22,2,2,2,Champion
524340312,0,1,166.63,2,2,1,Loyal
524354974,0,2,461.13,2,2,2,Champion
524362795,0,2,1209.76,2,2,2,Champion
524376011,0,1,1402.87,2,2,2,Champion
524379248,0,1,256.88,2,2,2,Champion
524381480,0,1,334.37,2,2,2,Champion
524385344,0,1,2056.68,2,2,2,Champion
524389571,0,1,282.2,2,2,2,Champion
524401120,0,1,130.76,2,2,1,Loyal
524405369,0,1,22.39,2,2,1,Loyal
524419534,0,1,138.46,2,2,1,Loyal
524433582,0,1,133.59,2,2,1,Loyal
524433667,0,1,975.57,2,2,2,Champion
524434318,0,1,286.35,2,2,2,Champion
524434919,0,1,460.5,2,2,2,Champion
524472809,0,1,20.57,2,2,1,Loyal
524476680,0,1,587.53,2,2,2,Champion
524501477,0,1,290.61,2,2,2,Champion
524526140,0,2,1206.72,2,2,2,Champion
524550519,0,1,24.43,2,2,1,Loyal
524566223,0,3,1273.8600000000001,2,2,2,Champion
524601178,0,1,189.91,2,2,1,Loyal
524620394,0,1,514.76,2,2,2,Champion
524642929,0,2,1915.06,2,2,2,Champion
524658477,0,1,185.71,2,2,1,Loyal
524667508,0,1,15.16,2,2,1,Loyal
524667795,0,2,3495.58,2,2,2,Champion
524679788,0,1,130.73,2,2,1,Loyal
524683739,0,1,388.68,2,2,2,Champion
524684071,0,1,464.08,2,2,2,Champion
524729507,0,1,161.93,2,2,1,Loyal
524729945,0,1,254.26,2,2,1,Loyal
524737701,0,2,52.46,2,2,1,Loyal
524737815,0,2,305.15,2,2,2,Champion
524756708,0,1,241.18,2,2,1,Loyal
524786436,0,1,470.77,2,2,2,Champion
524789944,0,1,130.73,2,2,1,Loyal
524806697,0,1,192.54,2,2,1,Loyal
524814058,0,1,128.45,2,2,1,Loyal
524824897,0,1,134.41,2,2,1,Loyal
524834877,0,2,721.11,2,2,2,Champion
524856701,0,1,205.9,2,2,1,Loyal
524864499,0,1,177.44,2,2,1,Loyal
524868459,0,1,1181.5,2,2,2,Champion
524891797,0,2,943.86,2,2,2,Champion
524910523,0,1,185.71,2,2,1,Loyal
524916266,0,1,130.7,2,2,1,Loyal
524918642,0,1,241.18,2,2,1,Loyal
524935361,0,1,823.32,2,2,2,Champion
524937954,0,1,1747.79,2,2,2,Champion
525012758,0,1,154.17,2,2,1,Loyal
525051654,0,1,188.73,2,2,1,Loyal
525060718,0,4,1006.96,2,2,2,Champion
525060929,0,1,154.38,2,2,1,Loyal
525082453,0,1,223.69,2,2,1,Loyal
525085521,0,1,738.39,2,2,2,Champion
525094678,0,2,51.42,2,2,1,Loyal
525098845,0,2,658.1,2,2,2,Champion
525106527,0,1,179.36,2,2,1,Loyal
525116184,0,1,121.5,2,2,1,Loyal
525120731,0,1,64.08,2,2,1,Loyal
525123331,0,4,904.4,2,2,2,Champion
525135407,0,1,150.95,2,2,1,Loyal
525143099,0,1,79.77,2,2,1,Loyal
525145833,0,1,115.41,2,2,1,Loyal
525156218,0,1,1181.5,2,2,2,Champion
525169215,0,1,975.56,2,2,2,Champion
525170955,0,1,975.57,2,2,2,Champion
525197121,0,1,4.12,2,2,1,Loyal
525198866,0,1,429.61,2,2,2,Champion
525212588,0,1,642.2,2,2,2,Champion
525230763,0,1,153.04,2,2,1,Loyal
525249426,0,2,237.95999999999998,2,2,1,Loyal
525263747,0,2,333.5,2,2,2,Champion
525267999,0,1,48.88,2,2,1,Loyal
525287790,0,1,187.88,2,2,1,Loyal
525300631,0,1,46.33,2,2,1,Loyal
525323321,0,1,185.71,2,2,1,Loyal
525351013,0,4,682.84,2,2,2,Champion
525369631,0,1,130.7,2,2,1,Loyal
525372703,0,1,154.42,2,2,1,Loyal
525379557,0,1,254.76,2,2,2,Champion
525438232,0,2,1819.1100000000001,2,2,2,Champion
525454715,0,6,1048.54,2,2,2,Champion
525471408,0,1,130.7,2,2,1,Loyal
525481237,0,1,177.44,2,2,1,Loyal
525484019,0,1,179.35,2,2,1,Loyal
525484316,0,1,231.64,2,2,1,Loyal
525487401,0,1,174.75,2,2,1,Loyal
525488119,0,1,254.76,2,2,2,Champion
525488602,0,1,514.76,2,2,2,Champion
525496770,0,1,130.7,2,2,1,Loyal
525526963,0,1,241.18,2,2,1,Loyal
525527216,0,2,1685.81,2,2,2,Champion
525532278,0,1,643.23,2,2,2,Champion
525536342,0,1,111.79,2,2,1,Loyal
525538268,0,1,174.75,2,2,1,Loyal
525545230,0,1,241.18,2,2,1,Loyal
525557212,0,1,6.92,2,2,1,Loyal
525560207,0,1,55.06,2,2,1,Loyal
525572504,0,1,397.95,2,2,2,Champion
525573324,0,1,231.41,2,2,1,Loyal
525600250,0,1,609.99,2,2,2,Champion
525600336,0,1,130.76,2,2,1,Loyal
525601960,0,1,124.84,2,2,1,Loyal
525634724,0,1,25.71,2,2,1,Loyal
525642379,0,2,195.58,2,2,1,Loyal
525653742,0,3,2210.8599999999997,2,2,2,Champion
525661621,0,1,377.14,2,2,2,Champion
525662995,0,1,197.55,2,2,1,Loyal
525671145,0,1,921.49,2,2,2,Champion
525715200,0,1,74.65,2,2,1,Loyal
525782626,0,1,295.79,2,2,2,Champion
525804366,0,1,203.35,2,2,1,Loyal
525811740,0,1,193.03,2,2,1,Loyal
525833640,0,1,1205.18,2,2,2,Champion
525850872,0,1,22.39,2,2,1,Loyal
525854222,0,1,468.45,2,2,2,Champion
525860080,0,1,130.73,2,2,1,Loyal
525867217,0,1,171.56,2,2,1,Loyal
525876346,0,1,113.7,2,2,1,Loyal
525889043,0,1,130.73,2,2,1,Loyal
525921810,0,1,130.76,2,2,1,Loyal
525922028,0,1,1747.79,2,2,2,Champion
525933527,0,1,161.93,2,2,1,Loyal
525938863,0,1,185.7,2,2,1,Loyal
525960487,0,1,38.07,2,2,1,Loyal
525973378,0,2,420.58,2,2,2,Champion
525983558,0,1,25.74,2,2,1,Loyal
526015800,0,3,485.79,2,2,2,Champion
526020718,0,1,254.76,2,2,2,Champion
526030207,0,1,15.42,2,2,1,Loyal
526039810,0,1,28.29,2,2,1,Loyal
526084907,0,1,975.57,2,2,2,Champion
526123288,0,2,928.12,2,2,2,Champion
526171202,0,1,130.7,2,2,1,Loyal
526180275,0,2,437.54,2,2,2,Champion
526190012,0,1,295.94,2,2,2,Champion
526191177,0,1,130.7,2,2,1,Loyal
526210492,0,1,286.35,2,2,2,Champion
526216685,0,1,286.86,2,2,2,Champion
526497162,0,1,16.71,2,2,1,Loyal
526500741,0,1,109.36,2,2,1,Loyal
526504593,0,1,51.45,2,2,1,Loyal
526521692,0,1,946.97,2,2,2,Champion
526531741,0,2,2038.25,2,2,2,Champion
526532031,0,1,71.79,2,2,1,Loyal
526541740,0,1,746.22,2,2,2,Champion
526555759,0,2,923.26,2,2,2,Champion
526563524,0,1,254.76,2,2,2,Champion
526583804,0,1,161.93,2,2,1,Loyal
526585634,0,1,464.08,2,2,2,Champion
526585784,0,1,188.73,2,2,1,Loyal
526588637,0,2,376.88,2,2,2,Champion
526595771,0,1,203.35,2,2,1,Loyal
526596376,0,1,251.74,2,2,1,Loyal
526623523,0,1,91.12,2,2,1,Loyal
526628732,0,2,848.74,2,2,2,Champion
526631351,0,1,151.61,2,2,1,Loyal
526639279,0,1,110.24,2,2,1,Loyal
526647060,0,5,604.34,2,2,2,Champion
526647830,0,1,111.79,2,2,1,Loyal
526650675,0,1,346.98,2,2,2,Champion
526659308,0,1,107.8,2,2,1,Loyal
526664670,0,1,587.53,2,2,2,Champion
526679965,0,1,377.09,2,2,2,Champion
526682678,0,1,286.86,2,2,2,Champion
526699390,0,1,642.69,2,2,2,Champion
526702292,0,1,669.0,2,2,2,Champion
526720323,0,1,710.25,2,2,2,Champion
526720999,0,1,587.53,2,2,2,Champion
526729542,0,3,2884.21,2,2,2,Champion
526799174,0,1,1352.42,2,2,2,Champion
526823608,0,8,5088.11,2,2,2,Champion
526856984,0,2,573.36,2,2,2,Champion
526870030,0,1,154.18,2,2,1,Loyal
526872675,0,1,636.05,2,2,2,Champion
526876426,0,1,114.1,2,2,1,Loyal
526907295,0,1,257.04,2,2,2,Champion
526919851,0,1,278.54,2,2,2,Champion
526925790,0,1,104.22,2,2,1,Loyal
526930735,0,1,161.93,2,2,1,Loyal
526930789,0,1,64.09,2,2,1,Loyal
526933626,0,5,873.45,2,2,2,Champion
526936407,0,1,975.57,2,2,2,Champion
526967827,0,1,176.07,2,2,1,Loyal
526977067,0,1,130.7,2,2,1,Loyal
526981718,0,1,514.63,2,2,2,Champion
527002445,0,1,203.35,2,2,1,Loyal
527006263,0,1,45.82,2,2,1,Loyal
527031250,0,1,254.26,2,2,1,Loyal
527037229,0,1,360.08,2,2,2,Champion
527181811,0,1,476.18,2,2,2,Champion
527209005,0,1,179.38,2,2,1,Loyal
527219459,0,1,115.41,2,2,1,Loyal
527243657,0,1,241.18,2,2,1,Loyal
527255645,0,1,286.86,2,2,2,Champion
527257925,0,1,108.11,2,2,1,Loyal
527278784,0,1,949.83,2,2,2,Champion
527287474,0,1,295.94,2,2,2,Champion
527303231,0,1,161.93,2,2,1,Loyal
527345286,0,1,253.33,2,2,1,Loyal
527358123,0,1,118.15,2,2,1,Loyal
527359904,0,1,975.57,2,2,2,Champion
527367976,0,1,22.39,2,2,1,Loyal
527373732,0,1,278.54,2,2,2,Champion
527404299,0,2,777.62,2,2,2,Champion
527413376,0,1,975.57,2,2,2,Champion
527422827,0,2,928.12,2,2,2,Champion
527442452,0,1,348.53,2,2,2,Champion
527450688,0,1,136.43,2,2,1,Loyal
527463916,0,1,136.43,2,2,1,Loyal
527477679,0,2,486.5,2,2,2,Champion
527483725,0,1,286.86,2,2,2,Champion
527498194,0,4,1849.0,2,2,2,Champion
527530861,0,2,769.52,2,2,2,Champion
527557198,0,1,126.13,2,2,1,Loyal
527567925,0,1,161.93,2,2,1,Loyal
527569528,0,1,241.18,2,2,1,Loyal
527569666,0,1,442.66,2,2,2,Champion
527571262,0,1,180.16,2,2,1,Loyal
527594931,0,1,177.44,2,2,1,Loyal
527599006,0,1,1072.36,2,2,2,Champion
527605274,0,1,179.36,2,2,1,Loyal
527610958,0,1,344.97,2,2,2,Champion
527625284,0,1,161.93,2,2,1,Loyal
527638115,0,1,154.38,2,2,1,Loyal
527649833,0,1,174.78,2,2,1,Loyal
527669643,0,2,215.42,2,2,1,Loyal
527681026,0,1,51.46,2,2,1,Loyal
527683649,0,1,254.76,2,2,2,Champion
527689832,0,3,1928.0700000000002,2,2,2,Champion
527699754,0,1,803.96,2,2,2,Champion
527715178,0,1,95.21,2,2,1,Loyal
527717216,0,1,1413.16,2,2,2,Champion
527759262,0,1,142.86,2,2,1,Loyal
527790692,0,1,432.42,2,2,2,Champion
527829213,0,2,375.76,2,2,2,Champion
527898886,0,1,161.93,2,2,1,Loyal
527908854,0,1,373.21,2,2,2,Champion
527921195,0,1,946.97,2,2,2,Champion
527943482,0,1,360.08,2,2,2,Champion
527956300,0,1,115.41,2,2,1,Loyal
527970458,0,2,3083.74,2,2,2,Champion
527975305,0,1,179.36,2,2,1,Loyal
527977263,0,1,111.79,2,2,1,Loyal
527985311,0,1,179.35,2,2,1,Loyal
527994484,0,1,46.33,2,2,1,Loyal
527995303,0,2,541.12,2,2,2,Champion
528010927,0,3,1515.65,2,2,2,Champion
528012929,0,1,308.63,2,2,2,Champion
528015948,0,1,174.45,2,2,1,Loyal
528019981,0,1,344.9,2,2,2,Champion
528023967,0,1,130.76,2,2,1,Loyal
528101606,0,1,76.96,2,2,1,Loyal
528123252,0,2,222.13,2,2,1,Loyal
528126136,0,1,514.76,2,2,2,Champion
528178752,0,1,33.44,2,2,1,Loyal
528263920,0,1,185.7,2,2,1,Loyal
528273308,0,4,2954.2200000000003,2,2,2,Champion
528274567,0,1,738.39,2,2,2,Champion
528288188,0,1,1181.37,2,2,2,Champion
528289727,0,1,388.68,2,2,2,Champion
528296896,0,1,1415.48,2,2,2,Champion
528332515,0,1,278.24,2,2,2,Champion
528349039,0,2,267.05,2,2,2,Champion
528352154,0,1,95.21,2,2,1,Loyal
528359969,0,1,55.34,2,2,1,Loyal
528361094,0,2,928.12,2,2,2,Champion
528373941,0,1,514.76,2,2,2,Champion
528382901,0,1,11.26,2,2,1,Loyal
528387531,0,1,154.42,2,2,1,Loyal
528409408,0,1,617.75,2,2,2,Champion
528414296,0,1,1747.79,2,2,2,Champion
528416368,0,1,333.05,2,2,2,Champion
528426245,0,1,169.12,2,2,1,Loyal
528470248,0,1,66.87,2,2,1,Loyal
528769567,0,1,49.16,2,2,1,Loyal
529024189,0,1,111.79,2,2,1,Loyal
529035202,0,1,149.3,2,2,1,Loyal
529037410,0,1,161.93,2,2,1,Loyal
529042095,0,1,185.71,2,2,1,Loyal
529046911,0,1,161.93,2,2,1,Loyal
529052697,0,1,1747.79,2,2,2,Champion
529054220,0,1,254.76,2,2,2,Champion
529101349,0,4,742.84,2,2,2,Champion
529105263,0,7,4359.63,2,2,2,Champion
529141859,0,1,1747.79,2,2,2,Champion
529148512,0,1,604.88,2,2,2,Champion
529153974,0,2,482.36,2,2,2,Champion
529168137,0,1,140.65,2,2,1,Loyal
529168155,0,1,643.26,2,2,2,Champion
529178521,0,1,95.21,2,2,1,Loyal
529200824,0,1,153.67,2,2,1,Loyal
529255006,0,2,325.14,2,2,2,Champion
529322962,0,1,946.97,2,2,2,Champion
529368843,0,1,566.24,2,2,2,Champion
529369777,0,1,470.87,2,2,2,Champion
529375455,0,1,804.21,2,2,2,Champion
529379017,0,2,557.08,2,2,2,Champion
529390977,0,1,66.87,2,2,1,Loyal
529391986,0,1,354.94,2,2,2,Champion
529406483,0,1,282.89,2,2,2,Champion
529408483,0,1,58.61,2,2,1,Loyal
529422203,0,1,308.65,2,2,2,Champion
529428801,0,1,286.86,2,2,2,Champion
529468642,0,1,130.76,2,2,1,Loyal
529501815,0,1,453.27,2,2,2,Champion
529511397,0,1,44.76,2,2,1,Loyal
529520716,0,1,130.7,2,2,1,Loyal
529533926,0,1,46.26,2,2,1,Loyal
529536748,0,1,130.76,2,2,1,Loyal
529541298,0,1,7.84,2,2,1,Loyal
529544718,0,1,174.75,2,2,1,Loyal
529549424,0,1,783.78,2,2,2,Champion
529556496,0,1,368.04,2,2,2,Champion
529558151,0,1,1080.72,2,2,2,Champion
529568317,0,1,286.86,2,2,2,Champion
529569385,0,1,463.31,2,2,2,Champion
529656887,0,1,100.38,2,2,1,Loyal
529668768,0,1,738.39,2,2,2,Champion
529676487,0,1,174.45,2,2,1,Loyal
529676945,0,1,1013.15,2,2,2,Champion
529687222,0,1,129.99,2,2,1,Loyal
529700784,0,1,43.22,2,2,1,Loyal
529712068,0,1,43.24,2,2,1,Loyal
529719508,0,2,235.19,2,2,1,Loyal
529729758,0,4,923.7,2,2,2,Champion
529734944,0,3,516.54,2,2,2,Champion
529736203,0,1,733.92,2,2,2,Champion
529750752,0,1,464.06,2,2,2,Champion
529768338,0,1,51.46,2,2,1,Loyal
529773405,0,1,388.81,2,2,2,Champion
529786989,0,1,360.08,2,2,2,Champion
529801905,0,1,871.06,2,2,2,Champion
529806216,0,1,161.93,2,2,1,Loyal
529824905,0,2,131.22,2,2,1,Loyal
529854525,0,1,388.68,2,2,2,Champion
529862468,0,1,85.2,2,2,1,Loyal
529870648,0,1,51.45,2,2,1,Loyal
529893269,0,1,200.52,2,2,1,Loyal
529894889,0,1,110.34,2,2,1,Loyal
529910824,0,1,286.86,2,2,2,Champion
529927475,0,1,1415.48,2,2,2,Champion
530002308,0,1,154.39,2,2,1,Loyal
530012891,0,1,130.76,2,2,1,Loyal
530014411,0,1,463.31,2,2,2,Champion
530048502,0,1,738.39,2,2,2,Champion
530054419,0,1,22.39,2,2,1,Loyal
530054962,0,1,388.43,2,2,2,Champion
530056451,0,1,286.86,2,2,2,Champion
530062189,0,1,107.8,2,2,1,Loyal
530064980,0,2,600.05,2,2,2,Champion
530071020,0,2,33.42,2,2,1,Loyal
530072745,0,1,1413.16,2,2,2,Champion
530096847,0,1,151.35,2,2,1,Loyal
530123083,0,1,372.73,2,2,2,Champion
530125200,0,1,368.04,2,2,2,Champion
530132760,0,1,463.31,2,2,2,Champion
530142759,0,10,4510.719999999999,2,2,2,Champion
530188296,0,1,189.82,2,2,1,Loyal
530189652,0,2,2867.52,2,2,2,Champion
530210589,0,2,1104.04,2,2,2,Champion
530222036,0,1,486.47,2,2,2,Champion
530233379,0,1,314.53,2,2,2,Champion
530233653,0,1,7.44,2,2,1,Loyal
530275030,0,1,22.39,2,2,1,Loyal
530402176,0,1,38.87,2,2,1,Loyal
530402859,0,1,17.99,2,2,1,Loyal
530429773,0,1,946.97,2,2,2,Champion
530431544,0,1,177.61,2,2,1,Loyal
530439167,0,1,614.55,2,2,2,Champion
530451435,0,1,609.99,2,2,2,Champion
530466080,0,1,628.78,2,2,2,Champion
530473215,0,1,254.76,2,2,2,Champion
530478099,0,2,651.04,2,2,2,Champion
530493390,0,1,35.78,2,2,1,Loyal
530495845,0,1,303.48,2,2,2,Champion
530502564,0,1,278.54,2,2,2,Champion
530508005,0,1,1413.16,2,2,2,Champion
530634240,0,1,464.08,2,2,2,Champion
530643079,0,1,308.86,2,2,2,Champion
530648907,0,1,77.2,2,2,1,Loyal
530663324,0,2,792.6600000000001,2,2,2,Champion
530701630,0,3,2114.13,2,2,2,Champion
530712966,0,1,241.18,2,2,1,Loyal
530738498,0,1,286.86,2,2,2,Champion
530767550,0,2,1029.52,2,2,2,Champion
530776918,0,1,92.64,2,2,1,Loyal
530789918,0,1,311.84,2,2,2,Champion
530808211,0,1,871.06,2,2,2,Champion
530820383,0,1,100.13,2,2,1,Loyal
530820988,0,1,662.95,2,2,2,Champion
530834332,0,4,4493.34,2,2,2,Champion
530859309,0,1,164.71,2,2,1,Loyal
530876132,0,2,207.95999999999998,2,2,1,Loyal
530878752,0,1,161.93,2,2,1,Loyal
530884429,0,1,89.32,2,2,1,Loyal
530915192,0,1,95.21,2,2,1,Loyal
530924808,0,1,161.93,2,2,1,Loyal
530928673,0,1,286.86,2,2,2,Champion
530954692,0,1,816.74,2,2,2,Champion
530957642,0,2,136.42,2,2,1,Loyal
530967363,0,1,189.82,2,2,1,Loyal
530985762,0,3,1762.6799999999998,2,2,2,Champion
530992459,0,1,334.6,2,2,2,Champion
531001514,0,1,35.24,2,2,1,Loyal
531017589,0,2,519.13,2,2,2,Champion
531047409,0,1,710.3,2,2,2,Champion
531075589,0,2,223.58,2,2,1,Loyal
531134059,0,1,159.69,2,2,1,Loyal
531138894,0,1,161.93,2,2,1,Loyal
531139846,0,1,1541.87,2,2,2,Champion
531149765,0,1,41.16,2,2,1,Loyal
531151607,0,1,1747.79,2,2,2,Champion
531161994,0,1,130.76,2,2,1,Loyal
531168335,0,1,797.65,2,2,2,Champion
531172496,0,1,254.76,2,2,2,Champion
531173262,0,2,2452.83,2,2,2,Champion
531175887,0,1,254.26,2,2,1,Loyal
531176437,0,1,231.64,2,2,1,Loyal
531187690,0,2,591.96,2,2,2,Champion
531198827,0,3,1389.93,2,2,2,Champion
531206381,0,1,468.48,2,2,2,Champion
531225567,0,2,352.35999999999996,2,2,2,Champion
531225837,0,1,128.42,2,2,1,Loyal
531261934,0,2,715.26,2,2,2,Champion
531299984,0,1,251.74,2,2,1,Loyal
531301278,0,1,568.84,2,2,2,Champion
531316930,0,1,130.7,2,2,1,Loyal
531323645,0,1,388.43,2,2,2,Champion
531327547,0,2,736.9300000000001,2,2,2,Champion
531342081,0,1,181.91,2,2,1,Loyal
531348639,0,1,348.53,2,2,2,Champion
531408602,0,1,17.99,2,2,1,Loyal
531499841,0,1,571.56,2,2,2,Champion
531502853,0,1,174.75,2,2,1,Loyal
531505447,0,1,26.58,2,2,1,Loyal
531509517,0,1,58.95,2,2,1,Loyal
531531043,0,1,95.21,2,2,1,Loyal
531534034,0,2,120.50999999999999,2,2,1,Loyal
531539218,0,1,102.63,2,2,1,Loyal
531542244,0,1,437.57,2,2,2,Champion
531551974,0,1,254.26,2,2,1,Loyal
531562944,0,1,95.21,2,2,1,Loyal
531570767,0,1,8.98,2,2,1,Loyal
531576897,0,1,464.08,2,2,2,Champion
531592233,0,1,133.81,2,2,1,Loyal
531592625,0,1,957.53,2,2,2,Champion
531615110,0,1,133.81,2,2,1,Loyal
531643419,0,1,175.83,2,2,1,Loyal
531649315,0,2,220.48,2,2,1,Loyal
531659334,0,1,43.76,2,2,1,Loyal
531674590,0,1,254.76,2,2,2,Champion
531730047,0,1,174.75,2,2,1,Loyal
531737363,0,1,514.76,2,2,2,Champion
531760733,0,1,253.33,2,2,1,Loyal
531773625,0,1,643.49,2,2,2,Champion
531774611,0,1,64.33,2,2,1,Loyal
531776546,0,1,134.41,2,2,1,Loyal
531807007,0,1,241.18,2,2,1,Loyal
531863115,0,2,482.36,2,2,2,Champion
531870719,0,1,254.26,2,2,1,Loyal
531879033,0,1,1067.92,2,2,2,Champion
531894033,0,1,254.26,2,2,1,Loyal
531894406,0,1,161.93,2,2,1,Loyal
531895455,0,1,39.02,2,2,1,Loyal
531906566,0,1,42.64,2,2,1,Loyal
531911288,0,1,181.34,2,2,1,Loyal
531916630,0,1,738.39,2,2,2,Champion
531922918,0,1,203.35,2,2,1,Loyal
531937324,0,1,975.57,2,2,2,Champion
531939369,0,1,787.09,2,2,2,Champion
531951423,0,1,90.07,2,2,1,Loyal
531955319,0,1,130.76,2,2,1,Loyal
531956513,0,1,254.76,2,2,2,Champion
531962324,0,3,5908.18,2,2,2,Champion
531974857,0,17,11540.5,2,2,2,Champion
532005809,0,1,48.88,2,2,1,Loyal
532009646,0,1,514.76,2,2,2,Champion
532010216,0,1,243.25,2,2,1,Loyal
532026926,0,1,38.59,2,2,1,Loyal
532028391,0,1,130.76,2,2,1,Loyal
532037478,0,1,257.2,2,2,2,Champion
532037554,0,1,28.03,2,2,1,Loyal
532055203,0,1,286.86,2,2,2,Champion
532062469,0,1,253.31,2,2,1,Loyal
532068181,0,1,130.7,2,2,1,Loyal
532073354,0,1,464.08,2,2,2,Champion
532081202,0,2,1779.7800000000002,2,2,2,Champion
532091393,0,1,1181.5,2,2,2,Champion
532111341,0,1,419.6,2,2,2,Champion
532126276,0,1,58.2,2,2,1,Loyal
532133413,0,1,150.7,2,2,1,Loyal
532153451,0,1,36.29,2,2,1,Loyal
532221514,0,1,15.42,2,2,1,Loyal
532230882,0,1,230.89,2,2,1,Loyal
532237336,0,1,185.7,2,2,1,Loyal
532237822,0,1,130.76,2,2,1,Loyal
532239933,0,1,177.44,2,2,1,Loyal
532250423,0,1,257.04,2,2,2,Champion
532263568,0,1,84.69,2,2,1,Loyal
532263893,0,1,179.36,2,2,1,Loyal
532274092,0,1,161.93,2,2,1,Loyal
532275774,0,1,1415.48,2,2,2,Champion
532301623,0,1,157.53,2,2,1,Loyal
532307793,0,2,307.93,2,2,2,Champion
532324745,0,1,386.08,2,2,2,Champion
532349131,0,1,130.76,2,2,1,Loyal
532361434,0,1,134.42,2,2,1,Loyal
532385209,0,1,102.46,2,2,1,Loyal
532408538,0,1,190.45,2,2,1,Loyal
532426675,0,2,573.72,2,2,2,Champion
532453838,0,1,29.6,2,2,1,Loyal
532471026,0,1,124.45,2,2,1,Loyal
532483549,0,1,66.87,2,2,1,Loyal
532569565,0,1,61.75,2,2,1,Loyal
532569589,0,1,979.16,2,2,2,Champion
532586727,0,1,282.2,2,2,2,Champion
532620029,0,1,161.93,2,2,1,Loyal
532625946,0,1,254.26,2,2,1,Loyal
532629553,0,1,975.56,2,2,2,Champion
532635842,0,1,130.7,2,2,1,Loyal
532645686,0,1,179.39,2,2,1,Loyal
532674540,0,1,975.57,2,2,2,Champion
532692747,0,1,360.08,2,2,2,Champion
532694571,0,1,735.01,2,2,2,Champion
532713422,0,1,130.76,2,2,1,Loyal
532722662,0,1,334.6,2,2,2,Champion
532723063,0,1,514.76,2,2,2,Champion
532762473,0,1,190.48,2,2,1,Loyal
532770412,0,4,2474.71,2,2,2,Champion
532799914,0,1,130.76,2,2,1,Loyal
532800802,0,2,961.5500000000001,2,2,2,Champion
532801418,0,2,305.71,2,2,2,Champion
532807398,0,2,152.07,2,2,1,Loyal
532832414,0,2,309.89,2,2,2,Champion
532846785,0,1,360.08,2,2,2,Champion
532858944,0,2,261.4,2,2,2,Champion
532871869,0,1,130.7,2,2,1,Loyal
532928195,0,1,130.76,2,2,1,Loyal
532944732,0,1,95.21,2,2,1,Loyal
532964770,0,1,177.44,2,2,1,Loyal
532967202,0,1,254.76,2,2,2,Champion
532982428,0,1,617.52,2,2,2,Champion
532996283,0,1,1052.79,2,2,2,Champion
533000757,0,1,197.55,2,2,1,Loyal
533005150,0,1,1205.18,2,2,2,Champion
533011188,0,1,234.33,2,2,1,Loyal
533014525,0,1,311.84,2,2,2,Champion
533019917,0,1,188.73,2,2,1,Loyal
533022444,0,1,1747.79,2,2,2,Champion
533030009,0,1,185.71,2,2,1,Loyal
533038299,0,1,89.83,2,2,1,Loyal
533074223,0,1,734.81,2,2,2,Champion
533091482,0,1,161.93,2,2,1,Loyal
533103391,0,1,174.45,2,2,1,Loyal
533113350,0,1,975.57,2,2,2,Champion
533133685,0,1,286.86,2,2,2,Champion
533158264,0,1,314.53,2,2,2,Champion
533184367,0,1,66.67,2,2,1,Loyal
533199186,0,1,1067.92,2,2,2,Champion
533201700,0,1,161.93,2,2,1,Loyal
533234889,0,2,508.52,2,2,2,Champion
533253284,0,1,506.29,2,2,2,Champion
533296775,0,1,975.57,2,2,2,Champion
533321692,0,2,556.46,2,2,2,Champion
533346776,0,1,188.73,2,2,1,Loyal
533383404,0,1,604.65,2,2,2,Champion
533407114,0,1,208.3,2,2,1,Loyal
533421720,0,1,1415.48,2,2,2,Champion
533422526,0,1,386.06,2,2,2,Champion
533423988,0,1,383.51,2,2,2,Champion
533443531,0,1,39.82,2,2,1,Loyal
533452631,0,1,179.35,2,2,1,Loyal
533471398,0,3,951.8199999999999,2,2,2,Champion
533479251,0,1,33.44,2,2,1,Loyal
533479888,0,1,39.87,2,2,1,Loyal
533497186,0,1,95.21,2,2,1,Loyal
533519539,0,1,130.7,2,2,1,Loyal
533532147,0,1,24.71,2,2,1,Loyal
533558550,0,1,33.44,2,2,1,Loyal
533602532,0,1,154.39,2,2,1,Loyal
533606989,0,1,171.56,2,2,1,Loyal
533624186,0,1,171.56,2,2,1,Loyal
533624936,0,1,174.45,2,2,1,Loyal
533723614,0,1,153.67,2,2,1,Loyal
533733062,0,1,1080.72,2,2,2,Champion
533735747,0,2,149.14,2,2,1,Loyal
533746693,0,1,251.74,2,2,1,Loyal
533758300,0,1,286.86,2,2,2,Champion
533758539,0,2,305.52,2,2,2,Champion
533774988,0,1,424.72,2,2,2,Champion
533777935,0,1,26.51,2,2,1,Loyal
533787062,0,2,514.76,2,2,2,Champion
533824533,0,1,92.41,2,2,1,Loyal
533828408,0,1,153.86,2,2,1,Loyal
533838383,0,1,130.7,2,2,1,Loyal
533860753,0,1,244.51,2,2,1,Loyal
533877263,0,2,1232.95,2,2,2,Champion
533886671,0,1,116.73,2,2,1,Loyal
533899313,0,2,189.94,2,2,1,Loyal
533900857,0,1,138.46,2,2,1,Loyal
533920067,0,1,22.39,2,2,1,Loyal
533928404,0,1,254.76,2,2,2,Champion
533974753,0,1,738.39,2,2,2,Champion
533981000,0,3,2346.96,2,2,2,Champion
533985068,0,1,124.84,2,2,1,Loyal
533986590,0,1,286.86,2,2,2,Champion
534040272,0,1,286.86,2,2,2,Champion
534067928,0,1,975.56,2,2,2,Champion
534073880,0,1,130.76,2,2,1,Loyal
534077262,0,1,84.21,2,2,1,Loyal
534109931,0,1,57.89,2,2,1,Loyal
534136392,0,1,278.54,2,2,2,Champion
534142828,0,1,130.76,2,2,1,Loyal
534161989,0,1,102.94,2,2,1,Loyal
534164966,0,1,254.26,2,2,1,Loyal
534176490,0,1,153.04,2,2,1,Loyal
534178501,0,1,254.82,2,2,2,Champion
534198406,0,1,111.82,2,2,1,Loyal
534230643,0,1,69.47,2,2,1,Loyal
534234448,0,1,374.5,2,2,2,Champion
534234729,0,1,72.0,2,2,1,Loyal
534259176,0,2,261.4,2,2,2,Champion
534285038,0,1,64.33,2,2,1,Loyal
534295099,0,1,174.45,2,2,1,Loyal
534295676,0,1,22.55,2,2,1,Loyal
534387893,0,1,128.68,2,2,1,Loyal
534417821,0,1,51.22,2,2,1,Loyal
534436735,0,1,140.85,2,2,1,Loyal
534452681,0,1,187.88,2,2,1,Loyal
534461021,0,1,43.68,2,2,1,Loyal
534465874,0,1,77.99,2,2,1,Loyal
534473540,0,1,95.21,2,2,1,Loyal
534491343,0,1,254.76,2,2,2,Champion
534491819,0,1,130.7,2,2,1,Loyal
534503915,0,1,254.76,2,2,2,Champion
534507968,0,1,311.81,2,2,2,Champion
534545940,0,3,2801.58,2,2,2,Champion
534550843,0,1,463.31,2,2,2,Champion
534551816,0,1,411.83,2,2,2,Champion
534568405,0,2,548.28,2,2,2,Champion
534597411,0,1,254.26,2,2,1,Loyal
534604430,0,2,824.16,2,2,2,Champion
534613124,0,1,174.75,2,2,1,Loyal
534620200,0,1,174.76,2,2,1,Loyal
534622030,0,3,373.03000000000003,2,2,2,Champion
534623704,0,1,46.31,2,2,1,Loyal
534624789,0,1,51.46,2,2,1,Loyal
534644080,0,1,1619.09,2,2,2,Champion
534730983,0,1,130.7,2,2,1,Loyal
534766098,0,1,130.76,2,2,1,Loyal
534837825,0,1,254.76,2,2,2,Champion
534853048,0,2,377.46,2,2,2,Champion
534856520,0,7,6437.05,2,2,2,Champion
534878520,0,1,100.12,2,2,1,Loyal
534913676,0,2,2388.73,2,2,2,Champion
534941579,0,1,81.31,2,2,1,Loyal
534957461,0,1,738.39,2,2,2,Champion
534958598,0,1,643.23,2,2,2,Champion
534976306,0,1,130.76,2,2,1,Loyal
534977837,0,1,587.53,2,2,2,Champion
534986036,0,1,975.56,2,2,2,Champion
535006533,0,1,320.35,2,2,2,Champion
535041784,0,1,511.72,2,2,2,Champion
535046375,0,2,770.1,2,2,2,Champion
535053337,0,1,282.89,2,2,2,Champion
535061254,0,1,254.76,2,2,2,Champion
535089751,0,1,130.7,2,2,1,Loyal
535091689,0,1,360.08,2,2,2,Champion
535095319,0,1,185.71,2,2,1,Loyal
535098388,0,1,87.25,2,2,1,Loyal
535099973,0,4,1055.15,2,2,2,Champion
535100309,0,1,96.53,2,2,1,Loyal
535112706,0,1,107.8,2,2,1,Loyal
535141769,0,1,346.68,2,2,2,Champion
535149379,0,1,1415.48,2,2,2,Champion
535150314,0,1,161.93,2,2,1,Loyal
535182181,0,1,286.86,2,2,2,Champion
535194023,0,1,125.63,2,2,1,Loyal
535194523,0,1,130.76,2,2,1,Loyal
535203948,0,1,203.74,2,2,1,Loyal
535210432,0,1,90.35,2,2,1,Loyal
535230753,0,1,161.93,2,2,1,Loyal
535232154,0,1,130.7,2,2,1,Loyal
535232712,0,1,130.7,2,2,1,Loyal
535238056,0,1,388.68,2,2,2,Champion
535240888,0,1,248.89,2,2,1,Loyal
535242347,0,1,286.86,2,2,2,Champion
535244472,0,1,111.79,2,2,1,Loyal
535245015,0,1,384.31,2,2,2,Champion
535248037,0,1,787.09,2,2,2,Champion
535251841,0,1,254.76,2,2,2,Champion
535292198,0,1,51.46,2,2,1,Loyal
535294361,0,1,311.81,2,2,2,Champion
535294996,0,1,154.39,2,2,1,Loyal
535323944,0,1,1415.48,2,2,2,Champion
535380755,0,1,587.56,2,2,2,Champion
535382554,0,1,738.39,2,2,2,Champion
535400091,0,1,154.17,2,2,1,Loyal
535423552,0,2,385.26,2,2,2,Champion
535425338,0,1,286.86,2,2,2,Champion
535451508,0,2,482.36,2,2,2,Champion
535462118,0,1,241.18,2,2,1,Loyal
535522158,0,1,89.32,2,2,1,Loyal
535540831,0,1,254.76,2,2,2,Champion
535559532,0,1,270.02,2,2,2,Champion
535658024,0,3,1055.98,2,2,2,Champion
535693601,0,2,371.4,2,2,2,Champion
535709301,0,1,26.49,2,2,1,Loyal
535711737,0,3,1903.69,2,2,2,Champion
535719451,0,1,1205.23,2,2,2,Champion
535723597,0,1,470.77,2,2,2,Champion
535742003,0,1,187.88,2,2,1,Loyal
535753857,0,1,135.11,2,2,1,Loyal
535759610,0,1,155.71,2,2,1,Loyal
535769472,0,1,251.74,2,2,1,Loyal
535796069,0,1,738.39,2,2,2,Champion
535802476,0,1,975.57,2,2,2,Champion
535811431,0,1,527.65,2,2,2,Champion
535833519,0,1,535.38,2,2,2,Champion
535844336,0,4,65.97,2,2,1,Loyal
535844712,0,1,254.76,2,2,2,Champion
535871375,0,1,188.73,2,2,1,Loyal
535929708,0,1,128.45,2,2,1,Loyal
535987651,0,1,28.7,2,2,1,Loyal
535989392,0,1,738.61,2,2,2,Champion
535994950,0,1,957.53,2,2,2,Champion
536006788,0,1,949.83,2,2,2,Champion
536015767,0,1,22.39,2,2,1,Loyal
536021715,0,1,733.92,2,2,2,Champion
536038822,0,1,203.35,2,2,1,Loyal
536041013,0,1,485.54,2,2,2,Champion
536045065,0,1,64.08,2,2,1,Loyal
536065596,0,1,946.97,2,2,2,Champion
536076746,0,1,130.7,2,2,1,Loyal
536086658,0,1,419.6,2,2,2,Champion
536100803,0,1,254.76,2,2,2,Champion
536112620,0,1,486.24,2,2,2,Champion
536121390,0,1,205.41,2,2,1,Loyal
536121833,0,1,286.86,2,2,2,Champion
536140089,0,1,772.19,2,2,2,Champion
536161287,0,1,89.32,2,2,1,Loyal
536172709,0,2,506.62,2,2,2,Champion
536193617,0,1,308.65,2,2,2,Champion
536211478,0,1,197.43,2,2,1,Loyal
536229871,0,1,174.76,2,2,1,Loyal
536251814,0,1,174.45,2,2,1,Loyal
536280303,0,1,286.86,2,2,2,Champion
536292854,0,1,1747.79,2,2,2,Champion
536299060,0,1,286.35,2,2,2,Champion
536306104,0,1,1415.48,2,2,2,Champion
536325914,0,1,16.71,2,2,1,Loyal
536328930,0,2,2260.48,2,2,2,Champion
536336193,0,1,164.17,2,2,1,Loyal
536341574,0,1,286.86,2,2,2,Champion
536343121,0,1,759.06,2,2,2,Champion
536346829,0,1,130.76,2,2,1,Loyal
536348848,0,1,190.45,2,2,1,Loyal
536350690,0,1,587.56,2,2,2,Champion
536355245,0,1,803.73,2,2,2,Champion
536365649,0,1,258.18,2,2,2,Champion
536376026,0,1,1080.72,2,2,2,Champion
536381479,0,1,135.14,2,2,1,Loyal
536387091,0,1,738.61,2,2,2,Champion
536387441,0,2,672.94,2,2,2,Champion
536406321,0,2,349.5,2,2,2,Champion
536415846,0,1,174.75,2,2,1,Loyal
536426215,0,2,286.47,2,2,2,Champion
536428866,0,1,506.29,2,2,2,Champion
536435574,0,1,808.59,2,2,2,Champion
536455166,0,3,349.63,2,2,2,Champion
536476815,0,1,506.29,2,2,2,Champion
536479302,0,3,100.32,2,2,1,Loyal
536482072,0,2,928.12,2,2,2,Champion
536518797,0,4,5956.32,2,2,2,Champion
536552070,0,1,326.9,2,2,2,Champion
536561197,0,2,241.1,2,2,1,Loyal
536567561,0,1,975.57,2,2,2,Champion
536569736,0,1,348.53,2,2,2,Champion
536575923,0,1,464.08,2,2,2,Champion
536580281,0,1,121.24,2,2,1,Loyal
536581516,0,2,1029.52,2,2,2,Champion
536607733,0,1,308.62,2,2,2,Champion
536615687,0,2,308.76,2,2,2,Champion
536639240,0,1,51.2,2,2,1,Loyal
536658095,0,1,957.53,2,2,2,Champion
536658266,0,5,1735.9299999999998,2,2,2,Champion
536669419,0,1,125.57,2,2,1,Loyal
536671192,0,1,149.3,2,2,1,Loyal
536678720,0,1,1052.79,2,2,2,Champion
536731195,0,1,188.73,2,2,1,Loyal
536738865,0,1,1747.79,2,2,2,Champion
536740156,0,1,254.76,2,2,2,Champion
536822702,0,2,730.44,2,2,2,Champion
536823293,0,3,1448.8899999999999,2,2,2,Champion
536830896,0,1,154.42,2,2,1,Loyal
536835876,0,1,975.57,2,2,2,Champion
536838713,0,1,81.85,2,2,1,Loyal
536859337,0,2,416.26,2,2,2,Champion
536862696,0,1,1205.18,2,2,2,Champion
536863584,0,2,509.02,2,2,2,Champion
536866041,0,1,154.39,2,2,1,Loyal
536889170,0,1,130.76,2,2,1,Loyal
536893016,0,1,738.39,2,2,2,Champion
536898100,0,1,65.61,2,2,1,Loyal
536921476,0,1,154.38,2,2,1,Loyal
537007569,0,1,86.1,2,2,1,Loyal
537032106,0,2,179.91,2,2,1,Loyal
537048266,0,1,186.49,2,2,1,Loyal
537090686,0,1,24.68,2,2,1,Loyal
537102950,0,1,871.06,2,2,2,Champion
537111963,0,4,5015.78,2,2,2,Champion
537123747,0,1,130.73,2,2,1,Loyal
537128323,0,3,361.38,2,2,2,Champion
537141102,0,1,568.84,2,2,2,Champion
537143581,0,1,946.97,2,2,2,Champion
537145576,0,1,135.14,2,2,1,Loyal
537146942,0,1,90.35,2,2,1,Loyal
537152526,0,1,871.06,2,2,2,Champion
537157434,0,1,58.42,2,2,1,Loyal
537160473,0,7,1798.1599999999999,2,2,2,Champion
537163771,0,1,1477.26,2,2,2,Champion
537167503,0,1,89.86,2,2,1,Loyal
537171093,0,1,130.7,2,2,1,Loyal
537171812,0,1,133.67,2,2,1,Loyal
537177686,0,1,177.44,2,2,1,Loyal
537182679,0,1,720.71,2,2,2,Champion
537183139,0,3,512.5,2,2,2,Champion
537223349,0,1,360.08,2,2,2,Champion
537229973,0,1,159.69,2,2,1,Loyal
537239287,0,1,37.3,2,2,1,Loyal
537272702,0,1,154.39,2,2,1,Loyal
537306605,0,1,74.57,2,2,1,Loyal
537329804,0,2,482.36,2,2,2,Champion
537337274,0,1,154.16,2,2,1,Loyal
537366010,0,2,490.78,2,2,2,Champion
537398442,0,1,130.76,2,2,1,Loyal
537406415,0,1,99.46,2,2,1,Loyal
537413011,0,1,254.26,2,2,1,Loyal
537436663,0,1,1415.48,2,2,2,Champion
537437721,0,3,331.97,2,2,2,Champion
537437766,0,1,254.76,2,2,2,Champion
537442605,0,1,174.45,2,2,1,Loyal
537448345,0,1,105.28,2,2,1,Loyal
537460969,0,1,179.35,2,2,1,Loyal
537476865,0,1,396.17,2,2,2,Champion
537496712,0,1,241.18,2,2,1,Loyal
537511161,0,1,130.76,2,2,1,Loyal
537535286,0,1,64.32,2,2,1,Loyal
537539980,0,1,193.03,2,2,1,Loyal
537548235,0,2,1199.09,2,2,2,Champion
537549301,0,1,130.7,2,2,1,Loyal
537553165,0,8,1045.6,2,2,2,Champion
537591060,0,1,286.68,2,2,2,Champion
537600119,0,1,257.15,2,2,2,Champion
537619110,0,1,946.97,2,2,2,Champion
537631006,0,1,286.86,2,2,2,Champion
537675392,0,1,130.76,2,2,1,Loyal
537704076,0,2,851.1600000000001,2,2,2,Champion
537709082,0,3,2926.71,2,2,2,Champion
537717675,0,1,174.76,2,2,1,Loyal
537724324,0,1,128.45,2,2,1,Loyal
537735089,0,1,208.23,2,2,1,Loyal
537735097,0,1,154.16,2,2,1,Loyal
537742930,0,1,514.76,2,2,2,Champion
537776008,0,1,97.12,2,2,1,Loyal
537781164,0,2,440.53,2,2,2,Champion
537797013,0,1,278.54,2,2,2,Champion
537797830,0,1,975.57,2,2,2,Champion
537839829,0,1,149.04,2,2,1,Loyal
537846396,0,4,1847.47,2,2,2,Champion
537851465,0,1,63.06,2,2,1,Loyal
537875499,0,1,124.84,2,2,1,Loyal
537888345,0,1,225.67,2,2,1,Loyal
537894116,0,1,383.51,2,2,2,Champion
537902969,0,1,253.33,2,2,1,Loyal
537940319,0,2,360.28999999999996,2,2,2,Champion
537986002,0,1,391.0,2,2,2,Champion
538008565,0,2,550.54,2,2,2,Champion
538017950,0,1,975.57,2,2,2,Champion
538019019,0,1,130.76,2,2,1,Loyal
538022354,0,1,120.46,2,2,1,Loyal
538027459,0,1,231.64,2,2,1,Loyal
538037529,0,1,286.86,2,2,2,Champion
538043693,0,4,156.24,2,2,1,Loyal
538044936,0,1,20.57,2,2,1,Loyal
538052951,0,1,154.41,2,2,1,Loyal
538059617,0,1,360.08,2,2,2,Champion
538073085,0,1,41.51,2,2,1,Loyal
538085323,0,1,90.34,2,2,1,Loyal
538103682,0,2,1721.79,2,2,2,Champion
538122332,0,1,269.22,2,2,2,Champion
538134801,0,1,1205.18,2,2,2,Champion
538154615,0,1,787.11,2,2,2,Champion
538174731,0,3,4548.37,2,2,2,Champion
538197849,0,1,733.81,2,2,2,Champion
538197923,0,1,311.81,2,2,2,Champion
538201741,0,2,1023.42,2,2,2,Champion
538206285,0,1,571.56,2,2,2,Champion
538217803,0,4,1147.44,2,2,2,Champion
538236515,0,1,609.72,2,2,2,Champion
538239869,0,1,710.25,2,2,2,Champion
538266294,0,2,675.1600000000001,2,2,2,Champion
538312907,0,3,113.18,2,2,1,Loyal
538314232,0,1,185.7,2,2,1,Loyal
538315253,0,1,203.35,2,2,1,Loyal
538353264,0,1,93.42,2,2,1,Loyal
538368541,0,1,130.7,2,2,1,Loyal
538383003,0,1,25.71,2,2,1,Loyal
538388630,0,2,483.42,2,2,2,Champion
538389919,0,1,254.26,2,2,1,Loyal
538401364,0,2,228.5,2,2,1,Loyal
538406386,0,1,1052.79,2,2,2,Champion
538409523,0,1,614.53,2,2,2,Champion
538422132,0,1,130.76,2,2,1,Loyal
538445475,0,1,133.81,2,2,1,Loyal
538450023,0,1,2072.1,2,2,2,Champion
538465921,0,1,1206.45,2,2,2,Champion
538489417,0,1,787.09,2,2,2,Champion
538499724,0,1,1093.95,2,2,2,Champion
538509137,0,2,2774.84,2,2,2,Champion
538515740,0,1,470.77,2,2,2,Champion
538535434,0,1,188.73,2,2,1,Loyal
538540322,0,1,230.89,2,2,1,Loyal
538556514,0,1,39.64,2,2,1,Loyal
538561651,0,2,339.22,2,2,2,Champion
538579204,0,1,28.03,2,2,1,Loyal
538620672,0,1,975.56,2,2,2,Champion
538629722,0,1,133.81,2,2,1,Loyal
538634744,0,1,177.44,2,2,1,Loyal
538649791,0,1,26.49,2,2,1,Loyal
538655571,0,1,286.86,2,2,2,Champion
538672167,0,1,329.46,2,2,2,Champion
538682067,0,3,285.63,2,2,2,Champion
538683395,0,1,462.93,2,2,2,Champion
538684347,0,1,254.76,2,2,2,Champion
538688710,0,1,21.15,2,2,1,Loyal
538733521,0,1,587.53,2,2,2,Champion
538739224,0,1,14.38,2,2,1,Loyal
538740728,0,1,1413.16,2,2,2,Champion
538788180,0,1,254.76,2,2,2,Champion
538824739,0,1,174.75,2,2,1,Loyal
538831046,0,1,643.23,2,2,2,Champion
538844815,0,1,1415.48,2,2,2,Champion
538850216,0,1,7.7,2,2,1,Loyal
538858285,0,1,116.73,2,2,1,Loyal
538864535,0,1,254.76,2,2,2,Champion
538883979,0,1,120.38,2,2,1,Loyal
538966952,0,1,720.46,2,2,2,Champion
538991540,0,1,603.49,2,2,2,Champion
539012546,0,1,185.7,2,2,1,Loyal
539013569,0,2,258.46,2,2,2,Champion
539015705,0,1,1619.09,2,2,2,Champion
539062980,0,1,388.81,2,2,2,Champion
539076954,0,1,514.76,2,2,2,Champion
539111704,0,4,497.9,2,2,2,Champion
539115429,0,1,238.67,2,2,1,Loyal
539136857,0,1,602.07,2,2,2,Champion
539144765,0,1,308.86,2,2,2,Champion
539193290,0,1,286.86,2,2,2,Champion
539235712,0,1,56.11,2,2,1,Loyal
539236330,0,1,388.43,2,2,2,Champion
539251936,0,1,146.46,2,2,1,Loyal
539257365,0,1,513.81,2,2,2,Champion
539261097,0,2,623.68,2,2,2,Champion
539272203,0,2,475.94,2,2,2,Champion
539274497,0,2,1284.4,2,2,2,Champion
539278205,0,1,130.7,2,2,1,Loyal
539281255,0,1,188.73,2,2,1,Loyal
539302458,0,1,90.35,2,2,1,Loyal
539319122,0,1,45.53,2,2,1,Loyal
539366618,0,1,1415.48,2,2,2,Champion
539369841,0,3,392.09999999999997,2,2,2,Champion
539377179,0,1,464.08,2,2,2,Champion
539401523,0,1,1747.79,2,2,2,Champion
539402834,0,1,514.76,2,2,2,Champion
539403269,0,1,308.63,2,2,2,Champion
539423053,0,1,76.96,2,2,1,Loyal
539435334,0,1,161.93,2,2,1,Loyal
539444684,0,1,738.39,2,2,2,Champion
539479985,0,1,453.27,2,2,2,Champion
539494700,0,1,130.73,2,2,1,Loyal
539504634,0,1,133.83,2,2,1,Loyal
539551572,0,1,130.7,2,2,1,Loyal
539556758,0,1,48.37,2,2,1,Loyal
539564743,0,1,10.27,2,2,1,Loyal
539566904,0,1,637.85,2,2,2,Champion
539591148,0,1,102.96,2,2,1,Loyal
539595659,0,1,33.13,2,2,1,Loyal
539603379,0,1,388.68,2,2,2,Champion
539612299,0,1,64.08,2,2,1,Loyal
539625770,0,2,928.16,2,2,2,Champion
539633013,0,2,25.17,2,2,1,Loyal
539666901,0,1,167.21,2,2,1,Loyal
539672573,0,1,51.22,2,2,1,Loyal
539676251,0,2,112.46,2,2,1,Loyal
539676830,0,1,501.92,2,2,2,Champion
539702146,0,1,1206.45,2,2,2,Champion
539724607,0,1,579.68,2,2,2,Champion
539731437,0,1,68.0,2,2,1,Loyal
539756959,0,1,153.02,2,2,1,Loyal
539766491,0,1,946.97,2,2,2,Champion
539783125,0,1,231.41,2,2,1,Loyal
539866437,0,1,803.73,2,2,2,Champion
539886600,0,2,1029.52,2,2,2,Champion
539888887,0,1,8.47,2,2,1,Loyal
539912102,0,1,235.78,2,2,1,Loyal
539925246,0,1,25.71,2,2,1,Loyal
539927976,0,1,738.61,2,2,2,Champion
539931134,0,1,254.76,2,2,2,Champion
539978665,0,1,130.7,2,2,1,Loyal
539992834,0,1,59.18,2,2,1,Loyal
540008833,0,2,44.78,2,2,1,Loyal
540050559,0,1,130.76,2,2,1,Loyal
540052746,0,1,568.84,2,2,2,Champion
540054805,0,1,82.37,2,2,1,Loyal
540057299,0,1,195.3,2,2,1,Loyal
540064374,0,1,130.76,2,2,1,Loyal
540073609,0,1,244.54,2,2,1,Loyal
540084748,0,1,100.38,2,2,1,Loyal
540135730,0,1,1415.48,2,2,2,Champion
540178122,0,1,25.48,2,2,1,Loyal
540212898,0,1,513.81,2,2,2,Champion
540223833,0,1,464.08,2,2,2,Champion
540232421,0,1,254.76,2,2,2,Champion
540248150,0,1,360.08,2,2,2,Champion
540257028,0,2,590.97,2,2,2,Champion
540258756,0,1,66.9,2,2,1,Loyal
540278477,0,1,293.42,2,2,2,Champion
540288042,0,1,694.17,2,2,2,Champion
540326146,0,1,205.48,2,2,1,Loyal
540326484,0,1,33.44,2,2,1,Loyal
540327766,0,1,127.42,2,2,1,Loyal
540332069,0,1,189.82,2,2,1,Loyal
540333688,0,1,241.18,2,2,1,Loyal
540351873,0,1,130.76,2,2,1,Loyal
540361308,0,1,161.93,2,2,1,Loyal
540388533,0,1,130.76,2,2,1,Loyal
540480045,0,1,286.86,2,2,2,Champion
540482258,0,1,286.86,2,2,2,Champion
540484491,0,1,254.76,2,2,2,Champion
540485942,0,1,258.29,2,2,2,Champion
540514956,0,2,1347.26,2,2,2,Champion
540537015,0,1,130.7,2,2,1,Loyal
540542598,0,1,975.57,2,2,2,Champion
540557704,0,1,23.13,2,2,1,Loyal
540577190,0,1,602.07,2,2,2,Champion
540583065,0,1,51.46,2,2,1,Loyal
540594582,0,1,278.54,2,2,2,Champion
540614519,0,2,261.52,2,2,2,Champion
540616939,0,1,1634.51,2,2,2,Champion
540619899,0,1,464.06,2,2,2,Champion
540630317,0,1,308.86,2,2,2,Champion
540640716,0,1,1415.48,2,2,2,Champion
540646122,0,1,257.38,2,2,2,Champion
540677841,0,1,130.7,2,2,1,Loyal
540758682,0,1,197.52,2,2,1,Loyal
540762294,0,1,203.35,2,2,1,Loyal
540766549,0,1,215.45,2,2,1,Loyal
540769226,0,1,365.49,2,2,2,Champion
540796635,0,1,514.76,2,2,2,Champion
540805434,0,1,174.99,2,2,1,Loyal
540807801,0,1,130.76,2,2,1,Loyal
540838174,0,1,185.08,2,2,1,Loyal
540842449,0,1,672.1,2,2,2,Champion
540848597,0,1,36.01,2,2,1,Loyal
540852415,0,1,20.05,2,2,1,Loyal
540854849,0,1,1413.16,2,2,2,Champion
540896251,0,1,975.57,2,2,2,Champion
540904793,0,1,278.54,2,2,2,Champion
540907599,0,1,190.45,2,2,1,Loyal
540920424,0,1,77.2,2,2,1,Loyal
540951371,0,1,383.51,2,2,2,Champion
540997571,0,1,48.39,2,2,1,Loyal
541026078,0,2,128.41,2,2,1,Loyal
541032410,0,1,59.46,2,2,1,Loyal
541035166,0,1,161.93,2,2,1,Loyal
541046055,0,1,278.54,2,2,2,Champion
541050687,0,1,111.79,2,2,1,Loyal
541055436,0,1,957.53,2,2,2,Champion
541078402,0,2,285.14,2,2,2,Champion
541080799,0,1,278.23,2,2,2,Champion
541097209,0,1,102.71,2,2,1,Loyal
541110534,0,1,130.7,2,2,1,Loyal
541137052,0,2,230.82,2,2,1,Loyal
541146978,0,1,383.51,2,2,2,Champion
541160137,0,1,1541.61,2,2,2,Champion
541169797,0,4,1520.12,2,2,2,Champion
541179345,0,1,130.76,2,2,1,Loyal
541182179,0,1,172.18,2,2,1,Loyal
541184322,0,1,112.84,2,2,1,Loyal
541221570,0,1,130.7,2,2,1,Loyal
541238116,0,1,159.69,2,2,1,Loyal
541245086,0,1,975.57,2,2,2,Champion
541254534,0,1,110.43,2,2,1,Loyal
541270844,0,1,21.85,2,2,1,Loyal
541300493,0,1,241.18,2,2,1,Loyal
541306792,0,1,257.15,2,2,2,Champion
541311429,0,20,3307.3,2,2,2,Champion
541314884,0,2,1153.01,2,2,2,Champion
541322636,0,1,51.22,2,2,1,Loyal
541324657,0,1,41.16,2,2,1,Loyal
541334182,0,7,1286.6999999999998,2,2,2,Champion
541337272,0,16,14841.68,2,2,2,Champion
541355507,0,1,286.86,2,2,2,Champion
541362639,0,1,464.08,2,2,2,Champion
541367610,0,1,464.06,2,2,2,Champion
541395150,0,2,777.62,2,2,2,Champion
541416870,0,1,45.51,2,2,1,Loyal
541425112,0,1,254.76,2,2,2,Champion
541436554,0,1,787.09,2,2,2,Champion
541468411,0,2,495.94,2,2,2,Champion
541478472,0,1,560.89,2,2,2,Champion
541486954,0,2,286.57,2,2,2,Champion
541492294,0,1,254.26,2,2,1,Loyal
541492753,0,1,130.7,2,2,1,Loyal
541496006,0,2,2054.1,2,2,2,Champion
541503536,0,1,587.53,2,2,2,Champion
541509219,0,2,305.48,2,2,2,Champion
541516521,0,1,33.44,2,2,1,Loyal
541522961,0,1,25.45,2,2,1,Loyal
541526953,0,1,123.5,2,2,1,Loyal
541531644,0,1,90.34,2,2,1,Loyal
541539898,0,1,9.76,2,2,1,Loyal
541551544,0,2,1951.14,2,2,2,Champion
541581735,0,1,573.81,2,2,2,Champion
541635996,0,2,655.6800000000001,2,2,2,Champion
541637343,0,2,44.78,2,2,1,Loyal
541649133,0,1,254.76,2,2,2,Champion
541655380,0,1,133.59,2,2,1,Loyal
541659178,0,2,506.66,2,2,2,Champion
541664207,0,1,278.24,2,2,2,Champion
541666907,0,1,203.35,2,2,1,Loyal
541682538,0,1,975.56,2,2,2,Champion
541688845,0,1,975.57,2,2,2,Champion
541708197,0,1,254.26,2,2,1,Loyal
541729903,0,2,694.97,2,2,2,Champion
541739263,0,1,270.79,2,2,2,Champion
541756395,0,1,113.23,2,2,1,Loyal
541769750,0,1,241.18,2,2,1,Loyal
541777727,0,1,181.96,2,2,1,Loyal
541782091,0,2,1899.66,2,2,2,Champion
541784455,0,1,164.71,2,2,1,Loyal
541785563,0,1,311.84,2,2,2,Champion
541788089,0,3,405.41999999999996,2,2,2,Champion
541788648,0,1,254.26,2,2,1,Loyal
541814772,0,1,155.71,2,2,1,Loyal
541819950,0,1,130.7,2,2,1,Loyal
541844318,0,3,1223.05,2,2,2,Champion
541883472,0,1,738.61,2,2,2,Champion
541890255,0,1,676.89,2,2,2,Champion
541899331,0,1,185.71,2,2,1,Loyal
541914043,0,1,738.39,2,2,2,Champion
541965996,0,1,373.21,2,2,2,Champion
541981605,0,1,7.7,2,2,1,Loyal
542007537,0,3,436.27,2,2,2,Champion
542012116,0,1,669.0,2,2,2,Champion
542012836,0,1,377.14,2,2,2,Champion
542016321,0,1,437.57,2,2,2,Champion
542021849,0,1,169.63,2,2,1,Loyal
542024996,0,1,130.7,2,2,1,Loyal
542036785,0,1,174.45,2,2,1,Loyal
542042421,0,2,261.46,2,2,2,Champion
542042934,0,1,347.47,2,2,2,Champion
542053191,0,2,75.62,2,2,1,Loyal
542063874,0,1,975.57,2,2,2,Champion
542082095,0,1,946.97,2,2,2,Champion
542089764,0,1,241.19,2,2,1,Loyal
542135009,0,1,177.44,2,2,1,Loyal
542158773,0,1,130.92,2,2,1,Loyal
542178308,0,1,464.06,2,2,2,Champion
542187308,0,1,50.19,2,2,1,Loyal
542200649,0,2,842.6099999999999,2,2,2,Champion
542211395,0,1,254.76,2,2,2,Champion
542225657,0,1,46.33,2,2,1,Loyal
542254663,0,3,523.26,2,2,2,Champion
542257804,0,1,871.07,2,2,2,Champion
542267694,0,1,171.57,2,2,1,Loyal
542302361,0,1,151.61,2,2,1,Loyal
542305276,0,1,174.78,2,2,1,Loyal
542307880,0,2,1607.92,2,2,2,Champion
542320322,0,3,1599.65,2,2,2,Champion
542324263,0,1,15.16,2,2,1,Loyal
542330049,0,1,1080.72,2,2,2,Champion
542342530,0,1,130.7,2,2,1,Loyal
542388547,0,1,514.76,2,2,2,Champion
542396871,0,1,388.43,2,2,2,Champion
542405654,0,1,149.01,2,2,1,Loyal
542406038,0,1,84.87,2,2,1,Loyal
542411450,0,1,617.52,2,2,2,Champion
542420583,0,1,137.97,2,2,1,Loyal
542447601,0,1,130.76,2,2,1,Loyal
542475036,0,2,824.14,2,2,2,Champion
542485023,0,2,315.4,2,2,2,Champion
542485221,0,2,573.21,2,2,2,Champion
542488279,0,1,161.93,2,2,1,Loyal
542503791,0,1,161.93,2,2,1,Loyal
542526660,0,1,975.57,2,2,2,Champion
542555216,0,1,1415.48,2,2,2,Champion
542561762,0,6,10656.61,2,2,2,Champion
542591658,0,1,733.92,2,2,2,Champion
542603260,0,1,254.26,2,2,1,Loyal
542625556,0,1,130.76,2,2,1,Loyal
542645945,0,3,1778.95,2,2,2,Champion
542657111,0,1,295.94,2,2,2,Champion
542659426,0,1,9.09,2,2,1,Loyal
542668757,0,1,1415.48,2,2,2,Champion
542683645,0,1,470.77,2,2,2,Champion
542688693,0,1,804.21,2,2,2,Champion
542702728,0,1,197.43,2,2,1,Loyal
542709758,0,1,241.18,2,2,1,Loyal
542716703,0,1,171.57,2,2,1,Loyal
542726089,0,1,738.39,2,2,2,Champion
542771301,0,4,1096.63,2,2,2,Champion
542771942,0,1,348.53,2,2,2,Champion
542774966,0,4,1359.0,2,2,2,Champion
542819307,0,1,161.93,2,2,1,Loyal
542852737,0,1,571.56,2,2,2,Champion
542865891,0,1,437.46,2,2,2,Champion
542887813,0,1,155.71,2,2,1,Loyal
542918339,0,2,102.92,2,2,1,Loyal
542934742,0,1,787.09,2,2,2,Champion
542966898,0,2,2767.9,2,2,2,Champion
542986830,0,1,759.05,2,2,2,Champion
543003240,0,3,1194.85,2,2,2,Champion
543008359,0,1,174.78,2,2,1,Loyal
543010669,0,1,130.7,2,2,1,Loyal
543011385,0,1,254.26,2,2,1,Loyal
543028035,0,1,154.38,2,2,1,Loyal
543057773,0,1,241.18,2,2,1,Loyal
543058973,0,1,360.34,2,2,2,Champion
543063183,0,1,1415.48,2,2,2,Champion
543070865,0,1,205.48,2,2,1,Loyal
543075063,0,1,154.42,2,2,1,Loyal
543121438,0,1,746.29,2,2,2,Champion
543127873,0,1,177.44,2,2,1,Loyal
543135189,0,1,1070.8,2,2,2,Champion
543138633,0,1,286.86,2,2,2,Champion
543139885,0,1,257.38,2,2,2,Champion
543147683,0,1,604.88,2,2,2,Champion
543158607,0,1,257.38,2,2,2,Champion
543172974,0,1,254.26,2,2,1,Loyal
543225657,0,1,694.48,2,2,2,Champion
543233159,0,1,185.7,2,2,1,Loyal
543271901,0,1,134.41,2,2,1,Loyal
543272936,0,2,261.52,2,2,2,Champion
543303448,0,1,179.39,2,2,1,Loyal
543307990,0,1,177.44,2,2,1,Loyal
543311125,0,1,179.35,2,2,1,Loyal
543312954,0,9,1563.34,2,2,2,Champion
543316244,0,1,130.76,2,2,1,Loyal
543334881,0,1,311.84,2,2,2,Champion
543346576,0,1,29.6,2,2,1,Loyal
543356214,0,1,130.76,2,2,1,Loyal
543359672,0,1,74.65,2,2,1,Loyal
543365485,0,1,46.31,2,2,1,Loyal
543367356,0,1,975.57,2,2,2,Champion
543368452,0,1,286.86,2,2,2,Champion
543372039,0,1,22.39,2,2,1,Loyal
543399383,0,1,388.81,2,2,2,Champion
543411785,0,1,73.57,2,2,1,Loyal
543421006,0,2,1685.58,2,2,2,Champion
543426561,0,1,6.15,2,2,1,Loyal
543437787,0,1,7.7,2,2,1,Loyal
543445922,0,1,8.62,2,2,1,Loyal
543490804,0,1,136.43,2,2,1,Loyal
543505128,0,1,733.92,2,2,2,Champion
543512435,0,1,159.59,2,2,1,Loyal
543588278,0,1,130.7,2,2,1,Loyal
543595420,0,1,130.76,2,2,1,Loyal
543600819,0,1,22.39,2,2,1,Loyal
543624132,0,3,764.3399999999999,2,2,2,Champion
543650701,0,1,161.98,2,2,1,Loyal
543677607,0,1,121.24,2,2,1,Loyal
543678812,0,1,1415.48,2,2,2,Champion
543707296,0,1,286.68,2,2,2,Champion
543719391,0,1,463.07,2,2,2,Champion
543730726,0,1,871.07,2,2,2,Champion
543738810,0,1,36.29,2,2,1,Loyal
543745179,0,1,532.81,2,2,2,Champion
543752345,0,1,630.65,2,2,2,Champion
543755335,0,1,197.43,2,2,1,Loyal
543760412,0,1,295.49,2,2,2,Champion
543799206,0,1,514.76,2,2,2,Champion
543810356,0,2,349.56,2,2,2,Champion
543819298,0,1,738.61,2,2,2,Champion
543855477,0,1,45.51,2,2,1,Loyal
543862005,0,1,5.38,2,2,1,Loyal
543862775,0,2,391.2,2,2,2,Champion
543898579,0,1,254.26,2,2,1,Loyal
543908698,0,1,319.14,2,2,2,Champion
543913453,0,1,254.76,2,2,2,Champion
543918383,0,2,1029.52,2,2,2,Champion
543926031,0,2,329.2,2,2,2,Champion
543931040,0,2,190.42,2,2,1,Loyal
543953063,0,1,368.04,2,2,2,Champion
543959218,0,3,257.34,2,2,2,Champion
543973503,0,1,506.29,2,2,2,Champion
543992081,0,1,185.71,2,2,1,Loyal
543993812,0,1,51.22,2,2,1,Loyal
544000492,0,4,1238.12,2,2,2,Champion
544005210,0,2,542.3000000000001,2,2,2,Champion
544005221,0,1,0.88,2,2,1,Loyal
544006935,0,1,308.65,2,2,2,Champion
544012519,0,1,146.57,2,2,1,Loyal
544015125,0,2,261.4,2,2,2,Champion
544026654,0,1,816.74,2,2,2,Champion
544031447,0,4,925.54,2,2,2,Champion
544046014,0,1,130.7,2,2,1,Loyal
544050781,0,1,513.81,2,2,2,Champion
544074087,0,1,514.76,2,2,2,Champion
544096808,0,1,130.76,2,2,1,Loyal
544116333,0,1,100.39,2,2,1,Loyal
544121891,0,1,219.28,2,2,1,Loyal
544130080,0,1,464.08,2,2,2,Champion
544184923,0,1,76.71,2,2,1,Loyal
544193089,0,2,371.42,2,2,2,Champion
544240774,0,1,154.36,2,2,1,Loyal
544267879,0,2,501.4,2,2,2,Champion
544268448,0,1,254.76,2,2,2,Champion
544292536,0,1,130.76,2,2,1,Loyal
544306610,0,1,90.3,2,2,1,Loyal
544312011,0,1,787.09,2,2,2,Champion
544318410,0,2,1439.6399999999999,2,2,2,Champion
544319929,0,1,136.43,2,2,1,Loyal
544325552,0,1,251.74,2,2,1,Loyal
544330034,0,1,368.04,2,2,2,Champion
544334010,0,1,33.46,2,2,1,Loyal
544338517,0,1,946.97,2,2,2,Champion
544338669,0,1,161.93,2,2,1,Loyal
544340718,0,4,3113.58,2,2,2,Champion
544341659,0,1,197.43,2,2,1,Loyal
544342924,0,1,105.28,2,2,1,Loyal
544364159,0,1,22.39,2,2,1,Loyal
544378254,0,1,288.3,2,2,2,Champion
544378707,0,1,185.71,2,2,1,Loyal
544391543,0,2,1492.58,2,2,2,Champion
544399164,0,1,241.18,2,2,1,Loyal
544411220,0,1,386.08,2,2,2,Champion
544420759,0,1,16.71,2,2,1,Loyal
544426614,0,1,244.25,2,2,1,Loyal
544426867,0,1,278.54,2,2,2,Champion
544431603,0,3,1222.3799999999999,2,2,2,Champion
544476733,0,1,1158.02,2,2,2,Champion
544503122,0,3,602.81,2,2,2,Champion
544540244,0,1,643.26,2,2,2,Champion
544551607,0,1,514.76,2,2,2,Champion
544589418,0,1,82.29,2,2,1,Loyal
544591425,0,1,43.24,2,2,1,Loyal
544606098,0,2,441.28999999999996,2,2,2,Champion
544607650,0,1,693.94,2,2,2,Champion
544617523,0,1,241.18,2,2,1,Loyal
544617622,0,1,58.61,2,2,1,Loyal
544630152,0,1,738.39,2,2,2,Champion
544651347,0,1,514.76,2,2,2,Champion
544659560,0,1,427.27,2,2,2,Champion
544682983,0,1,101.65,2,2,1,Loyal
544702532,0,1,174.46,2,2,1,Loyal
544707994,0,1,1415.48,2,2,2,Champion
544739618,0,2,752.2,2,2,2,Champion
544751025,0,1,197.43,2,2,1,Loyal
544756808,0,1,1093.95,2,2,2,Champion
544761249,0,1,975.57,2,2,2,Champion
544796377,0,1,393.83,2,2,2,Champion
544813439,0,1,138.23,2,2,1,Loyal
544814252,0,1,251.74,2,2,1,Loyal
544819139,0,1,587.53,2,2,2,Champion
544823707,0,1,388.81,2,2,2,Champion
544827761,0,1,130.7,2,2,1,Loyal
544866245,0,2,455.98,2,2,2,Champion
544868510,0,1,231.41,2,2,1,Loyal
544870559,0,1,115.23,2,2,1,Loyal
544929585,0,1,975.57,2,2,2,Champion
544937701,0,1,203.35,2,2,1,Loyal
544942764,0,1,130.7,2,2,1,Loyal
544955510,0,1,10.27,2,2,1,Loyal
544961032,0,1,179.36,2,2,1,Loyal
544967317,0,2,190.98999999999998,2,2,1,Loyal
544970031,0,7,3192.41,2,2,2,Champion
544972479,0,1,12.79,2,2,1,Loyal
544974642,0,1,8.98,2,2,1,Loyal
544983703,0,4,1128.23,2,2,2,Champion
545011727,0,1,66.87,2,2,1,Loyal
545016205,0,3,745.86,2,2,2,Champion
545033075,0,1,539.5,2,2,2,Champion
545038134,0,1,130.76,2,2,1,Loyal
545052100,0,1,254.26,2,2,1,Loyal
545053960,0,1,136.4,2,2,1,Loyal
545072047,0,1,134.41,2,2,1,Loyal
545081628,0,1,46.31,2,2,1,Loyal
545103527,0,1,208.13,2,2,1,Loyal
545104536,0,1,241.18,2,2,1,Loyal
545123067,0,1,254.26,2,2,1,Loyal
545139578,0,1,975.56,2,2,2,Champion
545142711,0,1,146.46,2,2,1,Loyal
545143567,0,1,228.24,2,2,1,Loyal
545144734,0,1,1413.16,2,2,2,Champion
545162867,0,1,231.64,2,2,1,Loyal
545188302,0,1,1052.79,2,2,2,Champion
545206959,0,1,295.49,2,2,2,Champion
545211446,0,1,257.15,2,2,2,Champion
545218213,0,1,179.39,2,2,1,Loyal
545241687,0,1,169.86,2,2,1,Loyal
545246586,0,1,161.93,2,2,1,Loyal
545247993,0,1,115.41,2,2,1,Loyal
545265859,0,1,254.76,2,2,2,Champion
545280126,0,2,98.14,2,2,1,Loyal
545299358,0,1,36.01,2,2,1,Loyal
545302199,0,1,254.26,2,2,1,Loyal
545304888,0,1,278.23,2,2,2,Champion
545306118,0,1,56.86,2,2,1,Loyal
545308546,0,1,1747.79,2,2,2,Champion
545326033,0,1,838.89,2,2,2,Champion
545354343,0,2,977.64,2,2,2,Champion
545367163,0,1,513.81,2,2,2,Champion
545372141,0,1,140.85,2,2,1,Loyal
545374558,0,3,4499.219999999999,2,2,2,Champion
545382282,0,1,244.51,2,2,1,Loyal
545387190,0,1,424.72,2,2,2,Champion
545400490,0,1,51.22,2,2,1,Loyal
545411501,0,1,130.76,2,2,1,Loyal
545422689,0,2,591.42,2,2,2,Champion
545428934,0,1,185.7,2,2,1,Loyal
545429320,0,1,185.71,2,2,1,Loyal
545445165,0,1,1027.05,2,2,2,Champion
545461522,0,2,2080.86,2,2,2,Champion
545499072,0,2,617.72,2,2,2,Champion
545509451,0,1,871.06,2,2,2,Champion
545513640,0,1,975.56,2,2,2,Champion
545527078,0,1,161.93,2,2,1,Loyal
545547882,0,1,133.83,2,2,1,Loyal
545564622,0,5,2937.68,2,2,2,Champion
545595580,0,2,336.38,2,2,2,Champion
545612858,0,1,885.07,2,2,2,Champion
545616162,0,1,360.08,2,2,2,Champion
545616788,0,1,107.8,2,2,1,Loyal
545617038,0,1,376.84,2,2,2,Champion
545618387,0,1,4.02,2,2,1,Loyal
545627729,0,1,2056.68,2,2,2,Champion
545640157,0,3,859.0500000000001,2,2,2,Champion
545641022,0,1,1052.79,2,2,2,Champion
545644949,0,1,455.35,2,2,2,Champion
545670728,0,1,130.76,2,2,1,Loyal
545673936,0,2,1750.8000000000002,2,2,2,Champion
545703807,0,1,66.87,2,2,1,Loyal
545763021,0,1,68.0,2,2,1,Loyal
545787324,0,1,64.08,2,2,1,Loyal
545788152,0,1,89.27,2,2,1,Loyal
545789639,0,1,738.61,2,2,2,Champion
545796029,0,3,1628.07,2,2,2,Champion
545803882,0,2,370.16,2,2,2,Champion
545805145,0,1,828.59,2,2,2,Champion
545812878,0,1,179.35,2,2,1,Loyal
545816822,0,1,965.02,2,2,2,Champion
545822064,0,1,409.18,2,2,2,Champion
545823469,0,1,334.24,2,2,2,Champion
545832647,0,2,2388.73,2,2,2,Champion
545842011,0,1,1415.48,2,2,2,Champion
545872918,0,1,638.11,2,2,2,Champion
545874088,0,2,1158.07,2,2,2,Champion
545889144,0,1,965.02,2,2,2,Champion
545901973,0,2,75.62,2,2,1,Loyal
545907452,0,1,39.82,2,2,1,Loyal
545910077,0,1,587.56,2,2,2,Champion
545910434,0,3,840.05,2,2,2,Champion
545913198,0,1,243.25,2,2,1,Loyal
545925861,0,1,56.63,2,2,1,Loyal
545937644,0,4,604.23,2,2,2,Champion
545944239,0,1,286.86,2,2,2,Champion
545950006,0,1,320.35,2,2,2,Champion
545951564,0,1,286.86,2,2,2,Champion
545965258,0,1,278.54,2,2,2,Champion
545966986,0,1,203.35,2,2,1,Loyal
545972277,0,1,838.89,2,2,2,Champion
545977006,0,1,66.67,2,2,1,Loyal
545981655,0,1,31.66,2,2,1,Loyal
545983736,0,1,99.07,2,2,1,Loyal
546058223,0,1,130.76,2,2,1,Loyal
546070509,0,1,385.05,2,2,2,Champion
546079477,0,1,348.53,2,2,2,Champion
546082881,0,1,159.57,2,2,1,Loyal
546089122,0,1,334.35,2,2,2,Champion
546113300,0,1,133.67,2,2,1,Loyal
546121593,0,1,464.06,2,2,2,Champion
546128292,0,1,463.31,2,2,2,Champion
546134231,0,2,429.3,2,2,2,Champion
546142805,0,1,453.27,2,2,2,Champion
546148655,0,1,368.04,2,2,2,Champion
546156526,0,1,329.22,2,2,2,Champion
546156917,0,1,864.63,2,2,2,Champion
546174504,0,1,38.59,2,2,1,Loyal
546175048,0,2,565.41,2,2,2,Champion
546175983,0,1,278.24,2,2,2,Champion
546183883,0,1,310.37,2,2,2,Champion
546190875,0,1,254.26,2,2,1,Loyal
546201252,0,1,1012.77,2,2,2,Champion
546202787,0,1,419.55,2,2,2,Champion
546232652,0,2,908.46,2,2,2,Champion
546234525,0,1,130.7,2,2,1,Loyal
546270930,0,1,360.08,2,2,2,Champion
546287874,0,2,486.45,2,2,2,Champion
546358009,0,1,251.74,2,2,1,Loyal
546412988,0,1,377.09,2,2,2,Champion
546419841,0,1,64.08,2,2,1,Loyal
546424964,0,1,334.6,2,2,2,Champion
546458082,0,1,254.76,2,2,2,Champion
546458483,0,1,154.36,2,2,1,Loyal
546476356,0,1,111.79,2,2,1,Loyal
546483424,0,1,319.14,2,2,2,Champion
546485067,0,2,1951.14,2,2,2,Champion
546489473,0,1,100.13,2,2,1,Loyal
546498738,0,1,604.88,2,2,2,Champion
546508144,0,1,254.76,2,2,2,Champion
546515920,0,3,704.21,2,2,2,Champion
546545080,0,1,254.26,2,2,1,Loyal
546565733,0,1,203.35,2,2,1,Loyal
546602461,0,1,130.62,2,2,1,Loyal
546650186,0,1,130.76,2,2,1,Loyal
546656099,0,1,90.35,2,2,1,Loyal
546684112,0,1,871.07,2,2,2,Champion
546693089,0,1,286.86,2,2,2,Champion
546694664,0,1,56.22,2,2,1,Loyal
546701310,0,1,360.08,2,2,2,Champion
546708810,0,1,1012.77,2,2,2,Champion
546709516,0,2,334.04999999999995,2,2,2,Champion
546741502,0,1,1634.51,2,2,2,Champion
546746443,0,1,115.81,2,2,1,Loyal
546747843,0,1,185.71,2,2,1,Loyal
546751197,0,1,734.81,2,2,2,Champion
546767640,0,2,2388.7200000000003,2,2,2,Champion
546769777,0,1,159.69,2,2,1,Loyal
546772039,0,1,174.75,2,2,1,Loyal
546789586,0,1,957.53,2,2,2,Champion
546799428,0,1,587.53,2,2,2,Champion
546831173,0,1,36.01,2,2,1,Loyal
546837996,0,1,278.24,2,2,2,Champion
546839460,0,3,2361.33,2,2,2,Champion
546850390,0,1,161.93,2,2,1,Loyal
546857502,0,1,10.27,2,2,1,Loyal
546862179,0,4,654.62,2,2,2,Champion
546873599,0,1,154.36,2,2,1,Loyal
546884787,0,1,223.69,2,2,1,Loyal
546903400,0,1,174.45,2,2,1,Loyal
546907454,0,1,78.51,2,2,1,Loyal
546907969,0,1,514.76,2,2,2,Champion
546956050,0,2,229.58999999999997,2,2,1,Loyal
546969206,0,1,34.72,2,2,1,Loyal
546971302,0,3,538.17,2,2,2,Champion
546976081,0,1,241.18,2,2,1,Loyal
546976498,0,1,464.08,2,2,2,Champion
546980970,0,1,349.79,2,2,2,Champion
546981974,0,1,1027.05,2,2,2,Champion
546985145,0,3,322.48,2,2,2,Champion
546989834,0,1,24.03,2,2,1,Loyal
546994858,0,1,20.34,2,2,1,Loyal
547008228,0,1,90.07,2,2,1,Loyal
547013968,0,1,118.82,2,2,1,Loyal
547019036,0,1,257.38,2,2,2,Champion
547025081,0,1,311.72,2,2,2,Champion
547028884,0,5,2000.71,2,2,2,Champion
547032168,0,2,283.94,2,2,2,Champion
547049035,0,1,43.48,2,2,1,Loyal
547064617,0,1,17.99,2,2,1,Loyal
547066709,0,1,107.8,2,2,1,Loyal
547070310,0,1,161.93,2,2,1,Loyal
547072213,0,1,150.95,2,2,1,Loyal
547085597,0,2,895.72,2,2,2,Champion
547101738,0,2,588.6899999999999,2,2,2,Champion
547102846,0,2,1236.69,2,2,2,Champion
547106672,0,6,2737.5699999999997,2,2,2,Champion
547108055,0,1,303.45,2,2,2,Champion
547114477,0,2,755.0,2,2,2,Champion
547121633,0,1,1541.61,2,2,2,Champion
547127582,0,1,254.76,2,2,2,Champion
547127776,0,1,185.71,2,2,1,Loyal
547129250,0,1,144.12,2,2,1,Loyal
547135251,0,1,251.74,2,2,1,Loyal
547160209,0,1,241.18,2,2,1,Loyal
547175273,0,1,134.41,2,2,1,Loyal
547178056,0,1,1080.31,2,2,2,Champion
547185321,0,1,82.86,2,2,1,Loyal
547226067,0,1,257.15,2,2,2,Champion
547229443,0,1,243.25,2,2,1,Loyal
547246066,0,1,111.79,2,2,1,Loyal
547255775,0,1,133.59,2,2,1,Loyal
547305821,0,1,135.14,2,2,1,Loyal
547307588,0,4,5601.179999999999,2,2,2,Champion
547318349,0,1,107.8,2,2,1,Loyal
547322063,0,1,254.76,2,2,2,Champion
547328822,0,1,383.53,2,2,2,Champion
547334327,0,1,185.71,2,2,1,Loyal
547334919,0,1,1747.79,2,2,2,Champion
547347524,0,1,174.75,2,2,1,Loyal
547348572,0,2,2284.23,2,2,2,Champion
547378452,0,1,733.81,2,2,2,Champion
547392690,0,1,8.62,2,2,1,Loyal
547394694,0,1,189.82,2,2,1,Loyal
547399470,0,1,161.93,2,2,1,Loyal
547405047,0,2,1951.14,2,2,2,Champion
547406229,0,2,120.91999999999999,2,2,1,Loyal
547413878,0,2,306.08,2,2,2,Champion
547429904,0,1,203.35,2,2,1,Loyal
547437684,0,1,733.92,2,2,2,Champion
547445436,0,1,43.24,2,2,1,Loyal
547445975,0,1,175.01,2,2,1,Loyal
547477106,0,2,225.90999999999997,2,2,1,Loyal
547477164,0,2,169.32,2,2,1,Loyal
547478888,0,1,66.67,2,2,1,Loyal
547494587,0,1,286.86,2,2,2,Champion
547495183,0,1,126.02,2,2,1,Loyal
547505320,0,2,508.52,2,2,2,Champion
547510683,0,1,140.91,2,2,1,Loyal
547521037,0,1,179.93,2,2,1,Loyal
547532534,0,1,46.33,2,2,1,Loyal
547547720,0,1,28.29,2,2,1,Loyal
547549307,0,1,360.34,2,2,2,Champion
547560322,0,1,736.18,2,2,2,Champion
547592960,0,1,1413.16,2,2,2,Champion
547644911,0,1,179.39,2,2,1,Loyal
547650821,0,1,388.43,2,2,2,Champion
547656971,0,1,286.86,2,2,2,Champion
547689483,0,1,197.43,2,2,1,Loyal
547696686,0,1,975.56,2,2,2,Champion
547706973,0,1,130.76,2,2,1,Loyal
547711161,0,2,790.4,2,2,2,Champion
547723180,0,3,1428.54,2,2,2,Champion
547746548,0,2,310.09,2,2,2,Champion
547760828,0,1,388.68,2,2,2,Champion
547774018,0,3,557.13,2,2,2,Champion
547781270,0,2,349.2,2,2,2,Champion
547786979,0,1,975.57,2,2,2,Champion
547789252,0,1,174.78,2,2,1,Loyal
547792598,0,1,1413.16,2,2,2,Champion
547797078,0,2,556.78,2,2,2,Champion
547799653,0,1,368.04,2,2,2,Champion
547800096,0,2,536.61,2,2,2,Champion
547824283,0,1,1747.79,2,2,2,Champion
547830696,0,1,159.77,2,2,1,Loyal
547862080,0,1,205.85,2,2,1,Loyal
547872129,0,1,254.76,2,2,2,Champion
547878505,0,4,547.24,2,2,2,Champion
547891201,0,1,360.08,2,2,2,Champion
547902801,0,1,1042.92,2,2,2,Champion
547912500,0,1,89.72,2,2,1,Loyal
547928263,0,1,975.57,2,2,2,Champion
547952735,0,1,587.56,2,2,2,Champion
547961805,0,1,460.5,2,2,2,Champion
547969482,0,1,738.61,2,2,2,Champion
547972966,0,2,1775.82,2,2,2,Champion
547985543,0,2,396.4,2,2,2,Champion
547985981,0,1,1012.19,2,2,2,Champion
547987598,0,1,56.63,2,2,1,Loyal
548026780,0,1,185.71,2,2,1,Loyal
548032896,0,1,100.12,2,2,1,Loyal
548036458,0,1,377.09,2,2,2,Champion
548039384,0,1,133.59,2,2,1,Loyal
548046388,0,2,488.5,2,2,2,Champion
548047418,0,2,1383.8899999999999,2,2,2,Champion
548060202,0,1,114.66,2,2,1,Loyal
548064986,0,1,113.89,2,2,1,Loyal
548067336,0,1,161.93,2,2,1,Loyal
548084013,0,1,12.79,2,2,1,Loyal
548091413,0,1,1012.19,2,2,2,Champion
548101310,0,1,587.53,2,2,2,Champion
548104388,0,1,240.39,2,2,1,Loyal
548116342,0,2,203.86,2,2,1,Loyal
548118798,0,1,464.06,2,2,2,Champion
548118808,0,1,257.15,2,2,2,Champion
548120156,0,1,485.54,2,2,2,Champion
548146853,0,2,874.33,2,2,2,Champion
548147980,0,1,130.76,2,2,1,Loyal
548148871,0,1,174.75,2,2,1,Loyal
548169737,0,1,41.19,2,2,1,Loyal
548184373,0,1,278.54,2,2,2,Champion
548194065,0,1,116.73,2,2,1,Loyal
548201094,0,1,975.56,2,2,2,Champion
548202335,0,1,464.08,2,2,2,Champion
548228012,0,1,203.35,2,2,1,Loyal
548232929,0,1,319.14,2,2,2,Champion
548233876,0,1,1747.79,2,2,2,Champion
548236742,0,1,115.41,2,2,1,Loyal
548257054,0,1,244.54,2,2,1,Loyal
548257307,0,1,154.39,2,2,1,Loyal
548260873,0,1,133.81,2,2,1,Loyal
548274345,0,2,1029.52,2,2,2,Champion
548318522,0,5,7193.610000000001,2,2,2,Champion
548336371,0,2,507.57,2,2,2,Champion
548356427,0,2,1029.52,2,2,2,Champion
548362195,0,1,733.92,2,2,2,Champion
548364504,0,1,174.45,2,2,1,Loyal
548365299,0,1,179.67,2,2,1,Loyal
548365826,0,1,230.89,2,2,1,Loyal
548366656,0,1,360.08,2,2,2,Champion
548376424,0,1,197.95,2,2,1,Loyal
548377900,0,1,84.35,2,2,1,Loyal
548380620,0,1,787.09,2,2,2,Champion
548384541,0,2,1029.58,2,2,2,Champion
548401832,0,1,148.88,2,2,1,Loyal
548405880,0,2,323.86,2,2,2,Champion
548407232,0,1,231.92,2,2,1,Loyal
548412899,0,1,253.31,2,2,1,Loyal
548419120,0,1,56.63,2,2,1,Loyal
548423797,0,1,115.7,2,2,1,Loyal
548430681,0,1,170.98,2,2,1,Loyal
548434805,0,1,72.05,2,2,1,Loyal
548449529,0,1,135.14,2,2,1,Loyal
548454724,0,1,185.71,2,2,1,Loyal
548467244,0,1,241.18,2,2,1,Loyal
548471234,0,2,187.5,2,2,1,Loyal
548483349,0,1,254.76,2,2,2,Champion
548496387,0,1,1207.71,2,2,2,Champion
548520116,0,1,154.39,2,2,1,Loyal
548531412,0,1,506.29,2,2,2,Champion
548536718,0,2,102.44,2,2,1,Loyal
548537974,0,1,388.68,2,2,2,Champion
548556101,0,1,130.7,2,2,1,Loyal
548570184,0,1,130.76,2,2,1,Loyal
548570687,0,1,25.48,2,2,1,Loyal
548574349,0,1,254.76,2,2,2,Champion
548579537,0,1,203.35,2,2,1,Loyal
548611064,0,1,103.08,2,2,1,Loyal
548626836,0,1,241.18,2,2,1,Loyal
548673548,0,1,203.35,2,2,1,Loyal
548673724,0,1,2573.79,2,2,2,Champion
548689554,0,1,238.67,2,2,1,Loyal
548690333,0,1,133.81,2,2,1,Loyal
548691404,0,1,28.03,2,2,1,Loyal
548691532,0,1,179.39,2,2,1,Loyal
548693907,0,1,154.38,2,2,1,Loyal
548706170,0,1,587.53,2,2,2,Champion
548709078,0,1,254.76,2,2,2,Champion
548714718,0,1,130.76,2,2,1,Loyal
548714886,0,1,1415.48,2,2,2,Champion
548715098,0,1,130.76,2,2,1,Loyal
548717296,0,1,25.71,2,2,1,Loyal
548719420,0,1,946.97,2,2,2,Champion
548727542,0,1,506.29,2,2,2,Champion
548736783,0,1,203.35,2,2,1,Loyal
548742987,0,1,123.27,2,2,1,Loyal
548751082,0,1,367.68,2,2,2,Champion
548760963,0,3,1373.79,2,2,2,Champion
548761432,0,1,587.56,2,2,2,Champion
548776876,0,1,19.92,2,2,1,Loyal
548785054,0,1,1205.18,2,2,2,Champion
548787344,0,2,459.73,2,2,2,Champion
548793029,0,1,485.54,2,2,2,Champion
548794147,0,1,130.7,2,2,1,Loyal
548800358,0,1,388.43,2,2,2,Champion
548812886,0,1,128.68,2,2,1,Loyal
548825273,0,1,975.56,2,2,2,Champion
548826171,0,1,1142.5,2,2,2,Champion
548832968,0,1,787.09,2,2,2,Champion
548848966,0,1,1093.95,2,2,2,Champion
548866332,0,2,277.74,2,2,2,Champion
548870982,0,2,212.53,2,2,1,Loyal
548891541,0,20,2611.81,2,2,2,Champion
548896169,0,1,203.35,2,2,1,Loyal
548916556,0,1,125.91,2,2,1,Loyal
548964752,0,2,323.86,2,2,2,Champion
548975663,0,1,257.15,2,2,2,Champion
549020660,0,1,10.27,2,2,1,Loyal
549021319,0,1,77.1,2,2,1,Loyal
549022803,0,1,130.7,2,2,1,Loyal
549037804,0,2,724.83,2,2,2,Champion
549043022,0,1,975.57,2,2,2,Champion
549052932,0,1,102.71,2,2,1,Loyal
549054298,0,1,130.6,2,2,1,Loyal
549060217,0,1,174.45,2,2,1,Loyal
549069924,0,1,241.18,2,2,1,Loyal
549076011,0,1,587.56,2,2,2,Champion
549080890,0,1,334.37,2,2,2,Champion
549085007,0,1,254.76,2,2,2,Champion
549095585,0,1,197.52,2,2,1,Loyal
549102978,0,1,130.7,2,2,1,Loyal
549109430,0,1,464.08,2,2,2,Champion
549129796,0,1,383.51,2,2,2,Champion
549132470,0,1,161.93,2,2,1,Loyal
549136361,0,1,957.53,2,2,2,Champion
549156862,0,1,254.26,2,2,1,Loyal
549157685,0,1,29.6,2,2,1,Loyal
549170622,0,1,579.16,2,2,2,Champion
549201642,0,1,464.06,2,2,2,Champion
549206189,0,1,360.08,2,2,2,Champion
549206481,0,1,33.44,2,2,1,Loyal
549215653,0,1,1415.48,2,2,2,Champion
549229612,0,3,2306.84,2,2,2,Champion
549234602,0,1,746.48,2,2,2,Champion
549243504,0,1,257.2,2,2,2,Champion
549265000,0,1,89.72,2,2,1,Loyal
549289227,0,1,159.69,2,2,1,Loyal
549302000,0,1,282.2,2,2,2,Champion
549315733,0,2,1922.54,2,2,2,Champion
549327675,0,1,360.08,2,2,2,Champion
549336714,0,1,244.54,2,2,1,Loyal
549343251,0,1,286.86,2,2,2,Champion
549345343,0,1,77.2,2,2,1,Loyal
549347173,0,1,278.54,2,2,2,Champion
549348524,0,1,100.39,2,2,1,Loyal
549372187,0,1,84.69,2,2,1,Loyal
549372936,0,1,738.39,2,2,2,Champion
549384775,0,1,360.06,2,2,2,Champion
549388073,0,1,74.39,2,2,1,Loyal
549413308,0,1,253.31,2,2,1,Loyal
549416181,0,2,351.89,2,2,2,Champion
549427281,0,2,1197.52,2,2,2,Champion
549440506,0,1,464.08,2,2,2,Champion
549465825,0,1,130.76,2,2,1,Loyal
549470733,0,1,975.57,2,2,2,Champion
549470883,0,1,445.7,2,2,2,Champion
549471000,0,1,174.75,2,2,1,Loyal
549471489,0,1,241.18,2,2,1,Loyal
549473770,0,1,165.24,2,2,1,Loyal
549482249,0,10,2549.68,2,2,2,Champion
549483720,0,1,95.21,2,2,1,Loyal
549484027,0,1,161.93,2,2,1,Loyal
549484836,0,1,254.26,2,2,1,Loyal
549498138,0,1,1413.16,2,2,2,Champion
549509391,0,1,54.03,2,2,1,Loyal
549516290,0,2,914.27,2,2,2,Champion
549518906,0,1,13.62,2,2,1,Loyal
549525040,0,1,68.01,2,2,1,Loyal
549531801,0,1,975.57,2,2,2,Champion
549556184,0,1,218.77,2,2,1,Loyal
549557255,0,1,123.53,2,2,1,Loyal
549562571,0,1,130.7,2,2,1,Loyal
549574991,0,1,95.21,2,2,1,Loyal
549576481,0,1,136.43,2,2,1,Loyal
549611189,0,1,1415.48,2,2,2,Champion
549614436,0,1,151.61,2,2,1,Loyal
549643607,0,1,174.75,2,2,1,Loyal
549671182,0,2,13.08,2,2,1,Loyal
549685916,0,1,121.5,2,2,1,Loyal
549693461,0,1,334.24,2,2,2,Champion
549711777,0,2,229.3,2,2,1,Loyal
549715068,0,1,241.18,2,2,1,Loyal
549716958,0,2,164.17000000000002,2,2,1,Loyal
549733171,0,1,733.92,2,2,2,Champion
549745123,0,1,110.66,2,2,1,Loyal
549754473,0,1,360.08,2,2,2,Champion
549764825,0,1,372.47,2,2,2,Champion
549770410,0,2,133.8,2,2,1,Loyal
549770450,0,1,111.79,2,2,1,Loyal
549773420,0,1,171.56,2,2,1,Loyal
549777331,0,1,871.14,2,2,2,Champion
549779760,0,1,231.64,2,2,1,Loyal
549788136,0,1,464.08,2,2,2,Champion
549790258,0,1,532.81,2,2,2,Champion
549791655,0,1,975.56,2,2,2,Champion
549799031,0,1,174.78,2,2,1,Loyal
549801353,0,1,174.75,2,2,1,Loyal
549825609,0,1,258.18,2,2,2,Champion
549829139,0,2,2095.26,2,2,2,Champion
549846384,0,1,130.76,2,2,1,Loyal
549848205,0,1,286.86,2,2,2,Champion
549862725,0,1,241.18,2,2,1,Loyal
549871789,0,1,138.46,2,2,1,Loyal
549879227,0,1,535.38,2,2,2,Champion
549884038,0,1,135.99,2,2,1,Loyal
549901932,0,1,15.42,2,2,1,Loyal
549916361,0,1,23.13,2,2,1,Loyal
549917703,0,1,1080.72,2,2,2,Champion
549984880,0,1,1634.51,2,2,2,Champion
549998130,0,1,130.76,2,2,1,Loyal
549999935,0,1,286.86,2,2,2,Champion
550000136,0,1,669.0,2,2,2,Champion
550016806,0,1,738.61,2,2,2,Champion
550022527,0,1,734.81,2,2,2,Champion
550033400,0,1,257.04,2,2,2,Champion
550050047,0,3,766.67,2,2,2,Champion
550050582,0,1,746.22,2,2,2,Champion
550071398,0,1,130.7,2,2,1,Loyal
550071495,0,1,286.86,2,2,2,Champion
550077190,0,4,741.03,2,2,2,Champion
550084317,0,1,1414.93,2,2,2,Champion
550098268,0,1,278.54,2,2,2,Champion
550111251,0,1,99.46,2,2,1,Loyal
550117425,0,1,1415.48,2,2,2,Champion
550126679,0,2,419.23,2,2,2,Champion
550146179,0,3,392.28,2,2,2,Champion
550155322,0,1,226.49,2,2,1,Loyal
550202658,0,1,946.97,2,2,2,Champion
550205330,0,1,241.18,2,2,1,Loyal
550212096,0,2,44.78,2,2,1,Loyal
550223526,0,1,58.95,2,2,1,Loyal
550224334,0,1,197.43,2,2,1,Loyal
550235557,0,1,22.39,2,2,1,Loyal
550241395,0,1,975.56,2,2,2,Champion
550241665,0,1,203.33,2,2,1,Loyal
550244874,0,1,975.57,2,2,2,Champion
550247367,0,1,733.92,2,2,2,Champion
550253013,0,1,464.06,2,2,2,Champion
550260122,0,1,684.68,2,2,2,Champion
550307266,0,1,95.21,2,2,1,Loyal
550314548,0,1,154.18,2,2,1,Loyal
550318201,0,1,66.8,2,2,1,Loyal
550323278,0,3,777.07,2,2,2,Champion
550332339,0,1,82.37,2,2,1,Loyal
550340828,0,1,738.61,2,2,2,Champion
550355970,0,1,2072.1,2,2,2,Champion
550360187,0,2,269.65999999999997,2,2,2,Champion
550364317,0,1,254.76,2,2,2,Champion
550378799,0,1,43.24,2,2,1,Loyal
550379604,0,1,38.59,2,2,1,Loyal
550387963,0,1,817.54,2,2,2,Champion
550389283,0,1,539.27,2,2,2,Champion
550389995,0,1,38.59,2,2,1,Loyal
550391960,0,1,1747.79,2,2,2,Champion
550395419,0,1,248.89,2,2,1,Loyal
550397307,0,1,56.63,2,2,1,Loyal
550401291,0,2,2028.35,2,2,2,Champion
550402654,0,1,189.82,2,2,1,Loyal
550415314,0,1,118.27,2,2,1,Loyal
550431708,0,1,257.15,2,2,2,Champion
550443776,0,1,101.65,2,2,1,Loyal
550466596,0,1,241.18,2,2,1,Loyal
550467916,0,1,175.83,2,2,1,Loyal
550470793,0,1,100.13,2,2,1,Loyal
550475697,0,1,46.33,2,2,1,Loyal
550479339,0,1,130.73,2,2,1,Loyal
550485943,0,1,89.84,2,2,1,Loyal
550494875,0,1,130.76,2,2,1,Loyal
550495409,0,1,286.86,2,2,2,Champion
550507955,0,1,344.64,2,2,2,Champion
550520700,0,1,100.13,2,2,1,Loyal
550534518,0,1,178.41,2,2,1,Loyal
550560842,0,1,257.04,2,2,2,Champion
550578744,0,1,391.9,2,2,2,Champion
550607818,0,1,1415.48,2,2,2,Champion
550612756,0,1,117.09,2,2,1,Loyal
550626584,0,2,535.69,2,2,2,Champion
550629626,0,1,506.29,2,2,2,Champion
550629775,0,1,130.76,2,2,1,Loyal
550632176,0,1,151.07,2,2,1,Loyal
550645570,0,1,161.93,2,2,1,Loyal
550653887,0,1,255.48,2,2,2,Champion
550673046,0,1,130.76,2,2,1,Loyal
550679725,0,7,807.88,2,2,2,Champion
550689610,0,1,135.14,2,2,1,Loyal
550691703,0,6,2028.02,2,2,2,Champion
550699370,0,1,1541.61,2,2,2,Champion
550701063,0,1,386.08,2,2,2,Champion
550702321,0,1,463.31,2,2,2,Champion
550711763,0,1,38.07,2,2,1,Loyal
550717214,0,1,72.84,2,2,1,Loyal
550718824,0,1,40.85,2,2,1,Loyal
550734203,0,3,545.88,2,2,2,Champion
550741409,0,1,1206.45,2,2,2,Champion
550743489,0,1,35.01,2,2,1,Loyal
550765885,0,1,254.26,2,2,1,Loyal
550796759,0,4,2914.87,2,2,2,Champion
550800513,0,1,82.86,2,2,1,Loyal
550803080,0,1,179.35,2,2,1,Loyal
550819179,0,1,40.67,2,2,1,Loyal
550830940,0,1,5.64,2,2,1,Loyal
550834675,0,1,130.7,2,2,1,Loyal
550834940,0,1,33.44,2,2,1,Loyal
550841374,0,1,738.39,2,2,2,Champion
550845229,0,1,174.75,2,2,1,Loyal
550868203,0,1,60.75,2,2,1,Loyal
550882634,0,1,603.5,2,2,2,Champion
550892646,0,1,134.41,2,2,1,Loyal
550907671,0,1,1415.48,2,2,2,Champion
550917318,0,3,1377.73,2,2,2,Champion
550951286,0,2,562.79,2,2,2,Champion
550955354,0,1,17.25,2,2,1,Loyal
550966430,0,1,157.53,2,2,1,Loyal
550968904,0,1,102.71,2,2,1,Loyal
550982997,0,1,48.65,2,2,1,Loyal
550990496,0,1,110.34,2,2,1,Loyal
550994445,0,5,2527.09,2,2,2,Champion
550995788,0,1,535.38,2,2,2,Champion
550997629,0,1,130.7,2,2,1,Loyal
551005081,0,2,1472.1999999999998,2,2,2,Champion
551008846,0,1,16.6,2,2,1,Loyal
551023863,0,1,669.0,2,2,2,Champion
551027121,0,1,90.09,2,2,1,Loyal
551031307,0,1,254.26,2,2,1,Loyal
551032052,0,1,587.53,2,2,2,Champion
551057985,0,1,797.65,2,2,2,Champion
551060815,0,1,174.75,2,2,1,Loyal
551067897,0,3,462.65,2,2,2,Champion
551075453,0,1,22.39,2,2,1,Loyal
551086352,0,2,508.07,2,2,2,Champion
551087414,0,1,130.7,2,2,1,Loyal
551102687,0,1,107.8,2,2,1,Loyal
551112887,0,1,130.7,2,2,1,Loyal
551113669,0,1,278.24,2,2,2,Champion
551117822,0,3,1412.31,2,2,2,Champion
551119640,0,1,154.38,2,2,1,Loyal
551126682,0,2,1922.54,2,2,2,Champion
551133729,0,1,257.38,2,2,2,Champion
551137341,0,1,8.09,2,2,1,Loyal
551149097,0,1,734.81,2,2,2,Champion
551169708,0,1,130.7,2,2,1,Loyal
551176725,0,1,257.15,2,2,2,Champion
551193067,0,1,1413.16,2,2,2,Champion
551210197,0,2,1070.76,2,2,2,Champion
551213552,0,1,254.76,2,2,2,Champion
551233530,0,1,560.89,2,2,2,Champion
551244824,0,1,738.39,2,2,2,Champion
551275472,0,1,154.38,2,2,1,Loyal
551278355,0,1,130.62,2,2,1,Loyal
551281127,0,1,35.78,2,2,1,Loyal
551282296,0,1,360.08,2,2,2,Champion
551284727,0,1,642.2,2,2,2,Champion
551285664,0,1,514.76,2,2,2,Champion
551318854,0,1,579.16,2,2,2,Champion
551321355,0,1,254.76,2,2,2,Champion
551324695,0,1,28.83,2,2,1,Loyal
551327873,0,1,161.93,2,2,1,Loyal
551331846,0,3,1155.83,2,2,2,Champion
551332698,0,1,134.41,2,2,1,Loyal
551333425,0,1,764.45,2,2,2,Champion
551335827,0,1,17.99,2,2,1,Loyal
551341636,0,1,241.18,2,2,1,Loyal
551343044,0,1,286.86,2,2,2,Champion
551344381,0,1,1029.6,2,2,2,Champion
551349532,0,1,464.13,2,2,2,Champion
551349791,0,2,248.19,2,2,1,Loyal
551358177,0,2,261.46,2,2,2,Champion
551359760,0,2,261.4,2,2,2,Champion
551369780,0,3,2364.7,2,2,2,Champion
551370763,0,1,254.26,2,2,1,Loyal
551374202,0,1,154.36,2,2,1,Loyal
551376397,0,1,604.88,2,2,2,Champion
551377651,0,3,1164.7800000000002,2,2,2,Champion
551385412,0,1,136.43,2,2,1,Loyal
551388041,0,1,254.76,2,2,2,Champion
551388486,0,1,735.01,2,2,2,Champion
551390230,0,1,179.93,2,2,1,Loyal
551391633,0,2,77.18,2,2,1,Loyal
551394581,0,1,332.7,2,2,2,Champion
551398486,0,1,254.76,2,2,2,Champion
551399564,0,1,133.81,2,2,1,Loyal
551406174,0,3,2755.3500000000004,2,2,2,Champion
551409729,0,1,975.57,2,2,2,Champion
551430857,0,1,185.7,2,2,1,Loyal
551443261,0,1,286.86,2,2,2,Champion
551445257,0,1,254.76,2,2,2,Champion
551456160,0,1,130.65,2,2,1,Loyal
551458699,0,2,779.0899999999999,2,2,2,Champion
551466870,0,1,161.37,2,2,1,Loyal
551467601,0,1,95.03,2,2,1,Loyal
551473548,0,1,203.35,2,2,1,Loyal
551476616,0,1,489.96,2,2,2,Champion
551482194,0,1,1413.16,2,2,2,Champion
551484167,0,1,124.45,2,2,1,Loyal
551487035,0,2,2025.54,2,2,2,Champion
551493485,0,1,535.38,2,2,2,Champion
551497418,0,1,470.77,2,2,2,Champion
551517776,0,1,197.43,2,2,1,Loyal
551520429,0,1,744.39,2,2,2,Champion
551550541,0,1,348.53,2,2,2,Champion
551617846,0,1,161.93,2,2,1,Loyal
551621810,0,1,33.18,2,2,1,Loyal
551623824,0,1,48.88,2,2,1,Loyal
551626442,0,1,437.51,2,2,2,Champion
551626819,0,1,254.76,2,2,2,Champion
551631614,0,1,161.93,2,2,1,Loyal
551638401,0,1,174.45,2,2,1,Loyal
551638844,0,1,154.17,2,2,1,Loyal
551645658,0,1,244.54,2,2,1,Loyal
551646742,0,1,339.75,2,2,2,Champion
551648728,0,2,312.58,2,2,2,Champion
551648977,0,1,174.45,2,2,1,Loyal
551649560,0,1,113.23,2,2,1,Loyal
551653969,0,1,946.97,2,2,2,Champion
551658287,0,1,159.69,2,2,1,Loyal
551658360,0,5,1211.38,2,2,2,Champion
551660669,0,1,23.14,2,2,1,Loyal
551660962,0,2,1237.27,2,2,2,Champion
551672550,0,1,110.24,2,2,1,Loyal
551672807,0,2,508.09000000000003,2,2,2,Champion
551677429,0,1,130.7,2,2,1,Loyal
551680852,0,1,290.6,2,2,2,Champion
551684462,0,1,738.39,2,2,2,Champion
551688020,0,1,254.76,2,2,2,Champion
551694874,0,1,568.84,2,2,2,Champion
551696339,0,1,203.35,2,2,1,Loyal
551700034,0,1,1276.48,2,2,2,Champion
551703196,0,1,465.7,2,2,2,Champion
551705762,0,1,177.44,2,2,1,Loyal
551706337,0,1,395.1,2,2,2,Champion
551708033,0,1,386.08,2,2,2,Champion
551711079,0,1,808.59,2,2,2,Champion
551712733,0,1,130.76,2,2,1,Loyal
551716341,0,1,975.56,2,2,2,Champion
551719803,0,3,392.18999999999994,2,2,2,Champion
551723915,0,1,187.88,2,2,1,Loyal
551724247,0,1,254.26,2,2,1,Loyal
551738952,0,2,348.9,2,2,2,Champion
551741123,0,1,464.06,2,2,2,Champion
551745959,0,1,84.17,2,2,1,Loyal
551756654,0,1,45.28,2,2,1,Loyal
551757743,0,1,90.35,2,2,1,Loyal
551762873,0,1,975.57,2,2,2,Champion
551767027,0,1,1747.79,2,2,2,Champion
551780077,0,3,362.83,2,2,2,Champion
551782075,0,1,241.18,2,2,1,Loyal
551788289,0,1,348.64,2,2,2,Champion
551799012,0,1,185.71,2,2,1,Loyal
551799928,0,1,615.56,2,2,2,Champion
551803602,0,1,1027.05,2,2,2,Champion
551807786,0,1,643.49,2,2,2,Champion
551824506,0,1,975.57,2,2,2,Champion
551824514,0,6,3297.27,2,2,2,Champion
551859853,0,3,2598.75,2,2,2,Champion
551867420,0,1,56.6,2,2,1,Loyal
551875958,0,1,587.53,2,2,2,Champion
551879006,0,1,254.26,2,2,1,Loyal
551885595,0,1,197.52,2,2,1,Loyal
551890097,0,4,1101.22,2,2,2,Champion
551898439,0,1,43.73,2,2,1,Loyal
551934498,0,1,59.2,2,2,1,Loyal
551950603,0,1,22.11,2,2,1,Loyal
551952472,0,3,392.09999999999997,2,2,2,Champion
551960184,0,1,285.77,2,2,2,Champion
551990175,0,1,1012.77,2,2,2,Champion
551998502,0,1,48.62,2,2,1,Loyal
551999902,0,1,254.76,2,2,2,Champion
552002520,0,1,108.09,2,2,1,Loyal
552010218,0,1,237.27,2,2,1,Loyal
552021493,0,1,464.08,2,2,2,Champion
552035873,0,1,161.93,2,2,1,Loyal
552051782,0,2,243.0,2,2,1,Loyal
552056257,0,2,2723.35,2,2,2,Champion
552056470,0,2,1478.1999999999998,2,2,2,Champion
552059481,0,1,254.26,2,2,1,Loyal
552064019,0,1,197.43,2,2,1,Loyal
552072376,0,1,22.39,2,2,1,Loyal
552075184,0,1,975.57,2,2,2,Champion
552075763,0,1,177.44,2,2,1,Loyal
552080197,0,1,257.15,2,2,2,Champion
552086480,0,1,59.2,2,2,1,Loyal
552087440,0,1,140.85,2,2,1,Loyal
552102214,0,1,957.53,2,2,2,Champion
552102706,0,1,151.87,2,2,1,Loyal
552106534,0,1,975.56,2,2,2,Champion
552107912,0,1,615.56,2,2,2,Champion
552111031,0,1,179.36,2,2,1,Loyal
552112473,0,1,87.26,2,2,1,Loyal
552134148,0,1,1415.48,2,2,2,Champion
552141352,0,1,975.57,2,2,2,Champion
552144113,0,1,278.23,2,2,2,Champion
552146884,0,1,344.9,2,2,2,Champion
552155262,0,1,1415.48,2,2,2,Champion
552155636,0,1,128.59,2,2,1,Loyal
552169389,0,2,51.48,2,2,1,Loyal
552182788,0,1,254.26,2,2,1,Loyal
552184224,0,1,130.7,2,2,1,Loyal
552190701,0,1,254.26,2,2,1,Loyal
552191915,0,1,94.97,2,2,1,Loyal
552212637,0,2,482.36,2,2,2,Champion
552245643,0,1,975.57,2,2,2,Champion
552251903,0,1,64.08,2,2,1,Loyal
552258252,0,1,223.69,2,2,1,Loyal
552261280,0,1,95.21,2,2,1,Loyal
552263898,0,1,203.35,2,2,1,Loyal
552265052,0,10,7302.15,2,2,2,Champion
552268757,0,1,254.76,2,2,2,Champion
552269114,0,2,410.85,2,2,2,Champion
552278769,0,1,241.18,2,2,1,Loyal
552282877,0,3,907.49,2,2,2,Champion
552295512,0,1,130.7,2,2,1,Loyal
552295563,0,1,1027.05,2,2,2,Champion
552297980,0,1,203.35,2,2,1,Loyal
552309094,0,2,610.0,2,2,2,Champion
552310239,0,3,392.25,2,2,2,Champion
552311862,0,1,286.35,2,2,2,Champion
552312151,0,4,669.16,2,2,2,Champion
552329011,0,3,154.38,2,2,1,Loyal
552354503,0,1,113.23,2,2,1,Loyal
552364803,0,1,203.35,2,2,1,Loyal
552373934,0,1,286.86,2,2,2,Champion
552376464,0,1,130.7,2,2,1,Loyal
552377767,0,3,3680.6400000000003,2,2,2,Champion
552378603,0,3,3039.45,2,2,2,Champion
552387537,0,1,962.02,2,2,2,Champion
552388085,0,1,197.43,2,2,1,Loyal
552390136,0,1,365.49,2,2,2,Champion
552393298,0,1,74.65,2,2,1,Loyal
552406275,0,1,185.7,2,2,1,Loyal
552408931,0,2,1951.14,2,2,2,Champion
552415005,0,1,174.75,2,2,1,Loyal
552415180,0,1,357.8,2,2,2,Champion
552430505,0,1,1142.5,2,2,2,Champion
552431004,0,1,975.56,2,2,2,Champion
552439521,0,1,185.71,2,2,1,Loyal
552451752,0,1,254.26,2,2,1,Loyal
552482168,0,1,286.86,2,2,2,Champion
552486236,0,1,1086.01,2,2,2,Champion
552497988,0,1,248.89,2,2,1,Loyal
552516788,0,1,615.56,2,2,2,Champion
552534829,0,1,388.43,2,2,2,Champion
552541285,0,1,253.31,2,2,1,Loyal
552551834,0,1,241.18,2,2,1,Loyal
552590512,0,1,975.57,2,2,2,Champion
552609657,0,1,614.53,2,2,2,Champion
552610852,0,1,975.57,2,2,2,Champion
552612381,0,1,130.7,2,2,1,Loyal
552615167,0,1,975.57,2,2,2,Champion
552617961,0,2,1268.02,2,2,2,Champion
552626580,0,1,1052.79,2,2,2,Champion
552637140,0,1,254.76,2,2,2,Champion
552641575,0,1,1413.16,2,2,2,Champion
552644046,0,2,1624.79,2,2,2,Champion
552659763,0,1,90.34,2,2,1,Loyal
552676981,0,2,1518.12,2,2,2,Champion
552686328,0,3,1781.74,2,2,2,Champion
552686706,0,1,975.57,2,2,2,Champion
552688629,0,1,265.9,2,2,2,Champion
552706343,0,1,95.21,2,2,1,Loyal
552716774,0,1,735.01,2,2,2,Champion
552719127,0,1,174.75,2,2,1,Loyal
552720692,0,1,254.76,2,2,2,Champion
552727821,0,1,975.56,2,2,2,Champion
552729808,0,1,251.74,2,2,1,Loyal
552732341,0,1,286.86,2,2,2,Champion
552733257,0,1,174.45,2,2,1,Loyal
552736402,0,1,208.19,2,2,1,Loyal
552744748,0,1,121.24,2,2,1,Loyal
552750042,0,1,251.74,2,2,1,Loyal
552751059,0,1,92.13,2,2,1,Loyal
552756104,0,1,185.7,2,2,1,Loyal
552759811,0,1,254.26,2,2,1,Loyal
552764799,0,2,834.49,2,2,2,Champion
552766256,0,1,161.93,2,2,1,Loyal
552767489,0,1,130.76,2,2,1,Loyal
552769423,0,1,733.92,2,2,2,Champion
552774852,0,1,120.96,2,2,1,Loyal
552785181,0,1,254.26,2,2,1,Loyal
552797531,0,1,41.16,2,2,1,Loyal
552808520,0,1,179.67,2,2,1,Loyal
552809930,0,1,130.76,2,2,1,Loyal
552841191,0,1,44.53,2,2,1,Loyal
552854193,0,2,292.13,2,2,2,Champion
552854562,0,1,244.54,2,2,1,Loyal
552860910,0,1,241.18,2,2,1,Loyal
552892623,0,1,256.88,2,2,2,Champion
552910547,0,1,1747.79,2,2,2,Champion
552942324,0,1,360.08,2,2,2,Champion
552950856,0,6,1092.51,2,2,2,Champion
552952137,0,1,174.75,2,2,1,Loyal
552953031,0,1,621.44,2,2,2,Champion
552953495,0,1,90.35,2,2,1,Loyal
552957820,0,1,100.72,2,2,1,Loyal
552962478,0,2,357.21000000000004,2,2,2,Champion
552963765,0,1,203.35,2,2,1,Loyal
552976659,0,1,241.18,2,2,1,Loyal
552983536,0,1,376.85,2,2,2,Champion
552984450,0,1,668.83,2,2,2,Champion
552988870,0,1,419.6,2,2,2,Champion
552994501,0,1,128.68,2,2,1,Loyal
553004760,0,1,61.52,2,2,1,Loyal
553005248,0,1,241.71,2,2,1,Loyal
553013717,0,1,241.18,2,2,1,Loyal
553019427,0,1,134.41,2,2,1,Loyal
553025763,0,1,185.7,2,2,1,Loyal
553036733,0,1,231.41,2,2,1,Loyal
553039766,0,1,464.08,2,2,2,Champion
553045157,0,1,1106.82,2,2,2,Champion
553049674,0,1,90.09,2,2,1,Loyal
553051854,0,1,957.53,2,2,2,Champion
553056036,0,3,859.8900000000001,2,2,2,Champion
553067478,0,1,738.39,2,2,2,Champion
553071180,0,1,185.7,2,2,1,Loyal
553088582,0,1,386.08,2,2,2,Champion
553089144,0,2,1439.65,2,2,2,Champion
553094971,0,1,185.7,2,2,1,Loyal
553099315,0,1,190.45,2,2,1,Loyal
553100380,0,1,254.76,2,2,2,Champion
553138779,0,2,1401.62,2,2,2,Champion
553146406,0,1,79.92,2,2,1,Loyal
553147791,0,1,710.25,2,2,2,Champion
553154723,0,1,4.02,2,2,1,Loyal
553156403,0,1,45.71,2,2,1,Loyal
553157045,0,1,370.41,2,2,2,Champion
553157157,0,1,161.93,2,2,1,Loyal
553162550,0,1,864.63,2,2,2,Champion
553172160,0,1,239.13,2,2,1,Loyal
553173353,0,2,1275.01,2,2,2,Champion
553174069,0,1,514.63,2,2,2,Champion
553189419,0,1,241.18,2,2,1,Loyal
553201338,0,1,25.23,2,2,1,Loyal
553206550,0,1,115.41,2,2,1,Loyal
553230562,0,1,464.06,2,2,2,Champion
553233239,0,1,975.57,2,2,2,Champion
553234527,0,4,522.92,2,2,2,Champion
553285003,0,1,230.89,2,2,1,Loyal
553286417,0,1,733.92,2,2,2,Champion
553294129,0,1,241.18,2,2,1,Loyal
553294760,0,1,185.71,2,2,1,Loyal
553299425,0,1,174.45,2,2,1,Loyal
553299698,0,1,105.28,2,2,1,Loyal
553302095,0,1,142.86,2,2,1,Loyal
553305262,0,1,20.34,2,2,1,Loyal
553305611,0,1,560.89,2,2,2,Champion
553309366,0,1,130.7,2,2,1,Loyal
553309587,0,1,204.51,2,2,1,Loyal
553310046,0,1,7.44,2,2,1,Loyal
553315421,0,3,236.57,2,2,1,Loyal
553321942,0,1,95.21,2,2,1,Loyal
553329198,0,1,373.21,2,2,2,Champion
553334718,0,3,533.15,2,2,2,Champion
553335742,0,1,174.75,2,2,1,Loyal
553353155,0,2,1477.0,2,2,2,Champion
553373618,0,1,51.2,2,2,1,Loyal
553373629,0,1,142.86,2,2,1,Loyal
553373804,0,1,43.24,2,2,1,Loyal
553373996,0,1,22.39,2,2,1,Loyal
553375898,0,2,406.7,2,2,2,Champion
553385946,0,1,130.7,2,2,1,Loyal
553398371,0,1,43.48,2,2,1,Loyal
553408410,0,1,514.76,2,2,2,Champion
553422127,0,1,126.1,2,2,1,Loyal
553431815,0,1,161.93,2,2,1,Loyal
553435334,0,1,464.08,2,2,2,Champion
553461204,0,1,1093.95,2,2,2,Champion
553466408,0,2,777.62,2,2,2,Champion
553474014,0,1,642.69,2,2,2,Champion
553482614,0,2,1078.54,2,2,2,Champion
553484126,0,1,231.41,2,2,1,Loyal
553485681,0,1,433.09,2,2,2,Champion
553488476,0,1,64.08,2,2,1,Loyal
553490513,0,2,77.22,2,2,1,Loyal
553491806,0,1,643.23,2,2,2,Champion
553506300,0,1,746.29,2,2,2,Champion
553521466,0,1,1415.48,2,2,2,Champion
553533267,0,1,110.34,2,2,1,Loyal
553548509,0,1,975.57,2,2,2,Champion
553551053,0,1,47.36,2,2,1,Loyal
553566729,0,1,25.71,2,2,1,Loyal
553570553,0,2,406.7,2,2,2,Champion
553609655,0,3,682.97,2,2,2,Champion
553622042,0,1,180.16,2,2,1,Loyal
553622793,0,1,68.0,2,2,1,Loyal
553629184,0,1,248.89,2,2,1,Loyal
553633855,0,1,349.12,2,2,2,Champion
553634619,0,1,1415.48,2,2,2,Champion
553640048,0,1,151.61,2,2,1,Loyal
553646478,0,2,364.90999999999997,2,2,2,Champion
553650552,0,1,5.51,2,2,1,Loyal
553653847,0,1,241.18,2,2,1,Loyal
553657427,0,1,102.45,2,2,1,Loyal
553657986,0,1,64.08,2,2,1,Loyal
553659969,0,1,177.44,2,2,1,Loyal
553669945,0,3,2241.95,2,2,2,Champion
553671916,0,1,130.7,2,2,1,Loyal
553686185,0,1,225.67,2,2,1,Loyal
553686982,0,2,508.09000000000003,2,2,2,Champion
553692391,0,1,553.17,2,2,2,Champion
553694246,0,2,328.13,2,2,2,Champion
553705089,0,1,278.54,2,2,2,Champion
553710183,0,2,508.52,2,2,2,Champion
553713678,0,2,511.90999999999997,2,2,2,Champion
553727204,0,2,650.41,2,2,2,Champion
553738953,0,1,720.46,2,2,2,Champion
553739361,0,1,734.81,2,2,2,Champion
553743411,0,5,1678.47,2,2,2,Champion
553768170,0,1,388.43,2,2,2,Champion
553775016,0,2,303.2,2,2,2,Champion
553777492,0,1,259.98,2,2,2,Champion
553778707,0,1,66.87,2,2,1,Loyal
553782852,0,1,710.25,2,2,2,Champion
553795627,0,1,506.29,2,2,2,Champion
553809773,0,2,1430.6399999999999,2,2,2,Champion
553810051,0,1,130.73,2,2,1,Loyal
553819262,0,1,120.95,2,2,1,Loyal
553820625,0,1,254.26,2,2,1,Loyal
553826074,0,1,161.93,2,2,1,Loyal
553827564,0,1,135.99,2,2,1,Loyal
553845039,0,2,1633.48,2,2,2,Champion
553845732,0,1,161.93,2,2,1,Loyal
553847802,0,1,174.75,2,2,1,Loyal
553856851,0,1,975.56,2,2,2,Champion
553864585,0,1,286.86,2,2,2,Champion
553865057,0,1,130.76,2,2,1,Loyal
553879636,0,2,3819.89,2,2,2,Champion
553882258,0,1,475.95,2,2,2,Champion
553900991,0,1,130.7,2,2,1,Loyal
553907683,0,2,30.84,2,2,1,Loyal
553910953,0,2,801.62,2,2,2,Champion
553919031,0,1,422.09,2,2,2,Champion
553929285,0,2,261.46,2,2,2,Champion
553938556,0,1,464.08,2,2,2,Champion
553952799,0,1,376.84,2,2,2,Champion
553986713,0,2,223.13,2,2,1,Loyal
553988963,0,1,257.15,2,2,2,Champion
553994175,0,1,95.86,2,2,1,Loyal
553997630,0,1,90.07,2,2,1,Loyal
554000720,0,1,140.85,2,2,1,Loyal
554003691,0,1,286.86,2,2,2,Champion
554004150,0,1,150.7,2,2,1,Loyal
554010797,0,1,133.59,2,2,1,Loyal
554029528,0,1,197.52,2,2,1,Loyal
554030857,0,1,146.71,2,2,1,Loyal
554033726,0,1,347.27,2,2,2,Champion
554041063,0,1,1415.48,2,2,2,Champion
554041323,0,1,254.76,2,2,2,Champion
554044451,0,2,172.42,2,2,1,Loyal
554056504,0,1,514.76,2,2,2,Champion
554063800,0,1,174.76,2,2,1,Loyal
554065552,0,1,56.63,2,2,1,Loyal
554067479,0,1,483.49,2,2,2,Champion
554067859,0,1,15.42,2,2,1,Loyal
554085163,0,1,286.86,2,2,2,Champion
554090147,0,26,12066.529999999999,2,2,2,Champion
554091017,0,2,496.25,2,2,2,Champion
554095722,0,1,179.93,2,2,1,Loyal
554096047,0,1,975.57,2,2,2,Champion
554102542,0,1,1093.95,2,2,2,Champion
554104351,0,2,1574.22,2,2,2,Champion
554106522,0,1,130.76,2,2,1,Loyal
554107795,0,1,185.71,2,2,1,Loyal
554113673,0,1,425.72,2,2,2,Champion
554120090,0,1,377.09,2,2,2,Champion
554127071,0,1,161.93,2,2,1,Loyal
554132341,0,1,733.81,2,2,2,Champion
554132501,0,1,975.57,2,2,2,Champion
554140946,0,1,1413.16,2,2,2,Champion
554145965,0,2,112.22,2,2,1,Loyal
554146781,0,1,36.01,2,2,1,Loyal
554148440,0,2,460.76,2,2,2,Champion
554155139,0,1,473.6,2,2,2,Champion
554160588,0,1,130.76,2,2,1,Loyal
554171222,0,1,258.18,2,2,2,Champion
554173271,0,1,800.12,2,2,2,Champion
554184135,0,1,15.42,2,2,1,Loyal
554186008,0,1,130.76,2,2,1,Loyal
554199941,0,1,141.32,2,2,1,Loyal
554208263,0,1,669.0,2,2,2,Champion
554211181,0,1,295.49,2,2,2,Champion
554224860,0,2,509.52,2,2,2,Champion
554235906,0,2,1009.88,2,2,2,Champion
554244863,0,2,348.9,2,2,2,Champion
554244931,0,1,278.54,2,2,2,Champion
554247189,0,2,2723.35,2,2,2,Champion
554249719,0,1,319.94,2,2,2,Champion
554250412,0,1,151.61,2,2,1,Loyal
554250902,0,1,39.38,2,2,1,Loyal
554263326,0,1,635.25,2,2,2,Champion
554266728,0,1,110.66,2,2,1,Loyal
554268424,0,1,130.76,2,2,1,Loyal
554276611,0,1,154.39,2,2,1,Loyal
554324114,0,1,135.99,2,2,1,Loyal
554384223,0,2,643.44,2,2,2,Champion
554395635,0,1,126.1,2,2,1,Loyal
554396327,0,1,130.62,2,2,1,Loyal
554397496,0,1,130.76,2,2,1,Loyal
554405527,0,1,360.34,2,2,2,Champion
554408407,0,1,174.75,2,2,1,Loyal
554415969,0,1,28.29,2,2,1,Loyal
554421246,0,1,738.61,2,2,2,Champion
554421792,0,1,130.7,2,2,1,Loyal
554428021,0,1,28.24,2,2,1,Loyal
554430036,0,1,185.71,2,2,1,Loyal
554440289,0,2,41.42,2,2,1,Loyal
554444304,0,1,286.86,2,2,2,Champion
554446039,0,1,38.07,2,2,1,Loyal
554446204,0,1,175.76,2,2,1,Loyal
554446349,0,1,40.85,2,2,1,Loyal
554468738,0,1,251.74,2,2,1,Loyal
554493912,0,1,241.18,2,2,1,Loyal
554504943,0,2,961.86,2,2,2,Champion
554506421,0,1,965.02,2,2,2,Champion
554518835,0,1,1027.05,2,2,2,Champion
554535050,0,1,463.31,2,2,2,Champion
554542277,0,2,77.66,2,2,1,Loyal
554548326,0,1,100.13,2,2,1,Loyal
554551958,0,3,608.77,2,2,2,Champion
554565990,0,1,241.18,2,2,1,Loyal
554566800,0,1,174.75,2,2,1,Loyal
554577750,0,2,351.52,2,2,2,Champion
554579814,0,1,128.68,2,2,1,Loyal
554584006,0,10,1704.0,2,2,2,Champion
554589128,0,2,351.89,2,2,2,Champion
554596541,0,1,120.46,2,2,1,Loyal
554597518,0,1,388.43,2,2,2,Champion
554606568,0,1,208.23,2,2,1,Loyal
554623441,0,2,514.76,2,2,2,Champion
554624453,0,1,383.51,2,2,2,Champion
554627099,0,2,658.1,2,2,2,Champion
554630517,0,1,103.08,2,2,1,Loyal
554633294,0,2,279.03,2,2,2,Champion
554636243,0,1,295.94,2,2,2,Champion
554645126,0,1,150.7,2,2,1,Loyal
554670393,0,1,22.39,2,2,1,Loyal
554674862,0,1,946.97,2,2,2,Champion
554678782,0,2,972.97,2,2,2,Champion
554683227,0,1,197.52,2,2,1,Loyal
554709436,0,2,1053.25,2,2,2,Champion
554754734,0,2,202.78,2,2,1,Loyal
554759006,0,1,197.43,2,2,1,Loyal
554767392,0,1,177.44,2,2,1,Loyal
554774647,0,1,535.38,2,2,2,Champion
554780608,0,1,738.61,2,2,2,Champion
554790759,0,1,257.15,2,2,2,Champion
554795551,0,1,179.88,2,2,1,Loyal
554798068,0,1,133.81,2,2,1,Loyal
554798306,0,2,466.25,2,2,2,Champion
554809849,0,3,733.9200000000001,2,2,2,Champion
554811776,0,1,1205.23,2,2,2,Champion
554815776,0,1,46.31,2,2,1,Loyal
554817624,0,1,350.05,2,2,2,Champion
554823416,0,1,130.76,2,2,1,Loyal
554827285,0,1,133.67,2,2,1,Loyal
554834118,0,2,777.62,2,2,2,Champion
554837656,0,1,254.26,2,2,1,Loyal
554837844,0,1,386.08,2,2,2,Champion
554839904,0,1,85.95,2,2,1,Loyal
554842573,0,1,197.52,2,2,1,Loyal
554846507,0,1,975.57,2,2,2,Champion
554847653,0,1,286.86,2,2,2,Champion
554856491,0,1,130.92,2,2,1,Loyal
554857065,0,2,210.64999999999998,2,2,1,Loyal
554869093,0,1,154.36,2,2,1,Loyal
554878175,0,1,174.75,2,2,1,Loyal
554879832,0,1,464.08,2,2,2,Champion
554887773,0,3,1327.44,2,2,2,Champion
554889841,0,1,424.08,2,2,2,Champion
554890606,0,2,180.68,2,2,1,Loyal
554902766,0,1,344.38,2,2,2,Champion
554907896,0,1,1413.16,2,2,2,Champion
554919710,0,2,1065.63,2,2,2,Champion
554923696,0,1,808.59,2,2,2,Champion
554932349,0,1,257.15,2,2,2,Champion
554935288,0,4,1769.3799999999999,2,2,2,Champion
554938573,0,2,737.17,2,2,2,Champion
554947894,0,3,860.58,2,2,2,Champion
554949347,0,1,167.31,2,2,1,Loyal
554957601,0,2,599.76,2,2,2,Champion
554959399,0,2,278.77,2,2,2,Champion
554977473,0,1,254.26,2,2,1,Loyal
554980248,0,1,734.81,2,2,2,Champion
554985876,0,1,360.07,2,2,2,Champion
554994464,0,1,130.76,2,2,1,Loyal
555003972,0,3,415.38,2,2,2,Champion
555006835,0,1,975.57,2,2,2,Champion
555010826,0,1,514.76,2,2,2,Champion
555026802,0,2,541.62,2,2,2,Champion
555027042,0,1,25.71,2,2,1,Loyal
555032379,0,1,5.12,2,2,1,Loyal
555040635,0,1,286.86,2,2,2,Champion
555044269,0,1,69.24,2,2,1,Loyal
555083442,0,1,463.31,2,2,2,Champion
555087058,0,1,388.68,2,2,2,Champion
555110488,0,4,656.38,2,2,2,Champion
555112651,0,1,179.35,2,2,1,Loyal
555117004,0,1,303.48,2,2,2,Champion
555118320,0,1,1286.75,2,2,2,Champion
555119233,0,3,588.87,2,2,2,Champion
555122845,0,2,717.25,2,2,2,Champion
555125122,0,1,177.44,2,2,1,Loyal
555126098,0,1,202.84,2,2,1,Loyal
555127820,0,1,231.64,2,2,1,Loyal
555131139,0,1,33.35,2,2,1,Loyal
555132200,0,1,514.76,2,2,2,Champion
555132684,0,1,384.31,2,2,2,Champion
555136729,0,1,197.43,2,2,1,Loyal
555137344,0,1,41.16,2,2,1,Loyal
555137699,0,2,2671.26,2,2,2,Champion
555139934,0,1,388.68,2,2,2,Champion
555141968,0,1,278.23,2,2,2,Champion
555144021,0,2,777.11,2,2,2,Champion
555144488,0,1,560.89,2,2,2,Champion
555147249,0,1,692.4,2,2,2,Champion
555148121,0,1,286.86,2,2,2,Champion
555149496,0,1,604.88,2,2,2,Champion
555153314,0,1,167.29,2,2,1,Loyal
555158157,0,1,975.57,2,2,2,Champion
555160488,0,2,1951.14,2,2,2,Champion
555160976,0,2,2219.04,2,2,2,Champion
555162605,0,1,174.78,2,2,1,Loyal
555163228,0,1,174.75,2,2,1,Loyal
555163778,0,1,130.7,2,2,1,Loyal
555166056,0,6,1083.83,2,2,2,Champion
555166553,0,1,95.21,2,2,1,Loyal
555168263,0,1,787.18,2,2,2,Champion
555169479,0,1,177.44,2,2,1,Loyal
555171490,0,1,565.91,2,2,2,Champion
555177506,0,1,1541.87,2,2,2,Champion
555183837,0,1,205.5,2,2,1,Loyal
555184067,0,1,1413.16,2,2,2,Champion
555187000,0,1,254.26,2,2,1,Loyal
555189435,0,1,514.76,2,2,2,Champion
555192593,0,1,64.08,2,2,1,Loyal
555193211,0,1,102.71,2,2,1,Loyal
555195177,0,1,155.71,2,2,1,Loyal
555196941,0,1,73.57,2,2,1,Loyal
555201453,0,2,250.91,2,2,1,Loyal
555204031,0,1,535.38,2,2,2,Champion
555205676,0,1,130.7,2,2,1,Loyal
555205970,0,1,76.94,2,2,1,Loyal
555206055,0,1,154.42,2,2,1,Loyal
555206577,0,3,6170.039999999999,2,2,2,Champion
555208331,0,1,21.42,2,2,1,Loyal
555211424,0,1,388.81,2,2,2,Champion
555212095,0,1,71.79,2,2,1,Loyal
555213901,0,1,506.29,2,2,2,Champion
555214422,0,1,254.26,2,2,1,Loyal
555215025,0,2,2391.05,2,2,2,Champion
555215125,0,1,155.71,2,2,1,Loyal
555217733,0,1,388.43,2,2,2,Champion
555219379,0,1,74.57,2,2,1,Loyal
555223621,0,1,419.6,2,2,2,Champion
555224180,0,1,130.76,2,2,1,Loyal
555231925,0,1,248.89,2,2,1,Loyal
555238094,0,1,1052.79,2,2,2,Champion
555243469,0,2,384.01,2,2,2,Champion
555243566,0,1,130.73,2,2,1,Loyal
555243903,0,1,174.78,2,2,1,Loyal
555245257,0,2,482.36,2,2,2,Champion
555249291,0,3,516.28,2,2,2,Champion
555253533,0,1,278.24,2,2,2,Champion
555254385,0,2,1951.14,2,2,2,Champion
555257206,0,2,928.26,2,2,2,Champion
555259512,0,1,185.71,2,2,1,Loyal
555260842,0,1,735.01,2,2,2,Champion
555261640,0,1,66.87,2,2,1,Loyal
555266852,0,1,144.12,2,2,1,Loyal
555272974,0,1,738.39,2,2,2,Champion
555273044,0,1,1281.74,2,2,2,Champion
555273505,0,2,225.90999999999997,2,2,1,Loyal
555275207,0,2,509.52,2,2,2,Champion
555276261,0,1,253.31,2,2,1,Loyal
555278981,0,6,3175.3,2,2,2,Champion
555280171,0,1,20.34,2,2,1,Loyal
555283155,0,1,174.45,2,2,1,Loyal
555284489,0,1,2056.68,2,2,2,Champion
555285406,0,1,185.7,2,2,1,Loyal
555287336,0,1,71.79,2,2,1,Loyal
555288910,0,2,308.78999999999996,2,2,2,Champion
555290222,0,1,464.06,2,2,2,Champion
555292522,0,1,231.64,2,2,1,Loyal
555296773,0,1,386.06,2,2,2,Champion
555297560,0,1,689.85,2,2,2,Champion
555301150,0,1,253.31,2,2,1,Loyal
555301277,0,2,461.61,2,2,2,Champion
555302109,0,1,22.39,2,2,1,Loyal
555302580,0,2,331.74,2,2,2,Champion
555307764,0,1,946.97,2,2,2,Champion
555312756,0,1,254.76,2,2,2,Champion
555312838,0,4,1335.0,2,2,2,Champion
555314802,0,1,130.7,2,2,1,Loyal
555315243,0,1,388.81,2,2,2,Champion
555316329,0,1,77.14,2,2,1,Loyal
555317646,0,1,254.76,2,2,2,Champion
555323506,0,1,614.53,2,2,2,Champion
555332717,0,1,54.42,2,2,1,Loyal
555335936,0,5,4274.360000000001,2,2,2,Champion
555339730,0,1,89.32,2,2,1,Loyal
555344353,0,2,225.90999999999997,2,2,1,Loyal
555348501,0,1,286.86,2,2,2,Champion
555349992,0,1,203.35,2,2,1,Loyal
555352497,0,2,184.76,2,2,1,Loyal
555352864,0,1,278.54,2,2,2,Champion
555354998,0,2,337.21000000000004,2,2,2,Champion
555357413,0,1,259.98,2,2,2,Champion
555357759,0,1,205.67,2,2,1,Loyal
555358204,0,1,254.76,2,2,2,Champion
555365566,0,1,150.95,2,2,1,Loyal
555365636,0,1,51.22,2,2,1,Loyal
555365770,0,1,514.76,2,2,2,Champion
555365919,0,1,111.79,2,2,1,Loyal
555371768,0,1,25.71,2,2,1,Loyal
555373903,0,2,495.94,2,2,2,Champion
555374490,0,1,360.08,2,2,2,Champion
555378238,0,1,161.93,2,2,1,Loyal
555378615,0,1,1747.79,2,2,2,Champion
555380732,0,3,817.98,2,2,2,Champion
555383874,0,1,130.76,2,2,1,Loyal
555386262,0,1,386.06,2,2,2,Champion
555390594,0,1,69.47,2,2,1,Loyal
555390763,0,1,225.67,2,2,1,Loyal
555392111,0,1,376.85,2,2,2,Champion
555394448,0,1,308.65,2,2,2,Champion
555394491,0,1,197.43,2,2,1,Loyal
555394812,0,4,4866.08,2,2,2,Champion
555399301,0,2,2830.96,2,2,2,Champion
555420273,0,3,941.85,2,2,2,Champion
555428059,0,1,101.65,2,2,1,Loyal
555433360,0,2,31.270000000000003,2,2,1,Loyal
555434477,0,2,220.69,2,2,1,Loyal
555441987,0,1,286.86,2,2,2,Champion
555462544,0,1,254.26,2,2,1,Loyal
555462614,0,1,377.03,2,2,2,Champion
555462711,0,1,1206.4,2,2,2,Champion
555463371,0,1,736.18,2,2,2,Champion
555463488,0,1,603.49,2,2,2,Champion
555463495,0,2,367.54999999999995,2,2,2,Champion
555463605,0,1,154.42,2,2,1,Loyal
555465207,0,1,130.76,2,2,1,Loyal
555465285,0,1,179.38,2,2,1,Loyal
555465942,0,1,378.36,2,2,2,Champion
555465969,0,2,100.32999999999998,2,2,1,Loyal
555466050,0,1,130.7,2,2,1,Loyal
555466137,0,1,286.86,2,2,2,Champion
555466298,0,1,72.43,2,2,1,Loyal
555466390,0,3,524.28,2,2,2,Champion
555466707,0,1,535.38,2,2,2,Champion
555466734,0,1,395.2,2,2,2,Champion
555466836,0,1,92.64,2,2,1,Loyal
555467053,0,1,285.51,2,2,2,Champion
555467312,0,1,100.13,2,2,1,Loyal
555467501,0,1,243.25,2,2,1,Loyal
555467805,0,1,368.04,2,2,2,Champion
555467830,0,1,453.27,2,2,2,Champion
555467970,0,1,733.92,2,2,2,Champion
555468443,0,1,82.37,2,2,1,Loyal
555468492,0,1,167.21,2,2,1,Loyal
555468694,0,1,15.42,2,2,1,Loyal
555468806,0,1,130.76,2,2,1,Loyal
555468980,0,2,384.96,2,2,2,Champion
555469238,0,1,464.08,2,2,2,Champion
555470265,0,5,1618.11,2,2,2,Champion
555470672,0,1,1413.16,2,2,2,Champion
555470759,0,1,278.54,2,2,2,Champion
555471136,0,1,236.3,2,2,1,Loyal
555471184,0,1,735.01,2,2,2,Champion
555471684,0,1,380.85,2,2,2,Champion
555471762,0,1,58.95,2,2,1,Loyal
555472120,0,1,464.08,2,2,2,Champion
555472147,0,1,203.35,2,2,1,Loyal
555472338,0,1,377.14,2,2,2,Champion
555472476,0,1,406.43,2,2,2,Champion
555472857,0,1,286.68,2,2,2,Champion
555473033,0,1,25.74,2,2,1,Loyal
555473086,0,1,179.39,2,2,1,Loyal
555473214,0,1,74.39,2,2,1,Loyal
555474785,0,1,488.55,2,2,2,Champion
555474819,0,2,261.52,2,2,2,Champion
555475022,0,1,25.71,2,2,1,Loyal
555475278,0,1,243.25,2,2,1,Loyal
555475281,0,1,203.35,2,2,1,Loyal
555475689,0,1,1541.87,2,2,2,Champion
555475891,0,1,295.49,2,2,2,Champion
555476355,0,1,254.76,2,2,2,Champion
555476456,0,1,579.16,2,2,2,Champion
555476677,0,1,167.03,2,2,1,Loyal
555476693,0,1,286.86,2,2,2,Champion
555477313,0,1,241.18,2,2,1,Loyal
555477458,0,1,130.76,2,2,1,Loyal
555477479,0,3,2571.05,2,2,2,Champion
555477483,0,1,560.89,2,2,2,Champion
555477647,0,1,286.86,2,2,2,Champion
555477847,0,11,3922.32,2,2,2,Champion
555478303,0,3,378.19,2,2,2,Champion
555478376,0,1,231.64,2,2,1,Loyal
555478602,0,1,871.07,2,2,2,Champion
555478627,0,1,182.99,2,2,1,Loyal
555479290,0,2,617.72,2,2,2,Champion
555480040,0,3,972.13,2,2,2,Champion
555480113,0,1,130.76,2,2,1,Loyal
555480155,0,1,231.64,2,2,1,Loyal
555480203,0,1,254.76,2,2,2,Champion
555480224,0,1,174.78,2,2,1,Loyal
555480225,0,1,738.61,2,2,2,Champion
555480250,0,1,164.71,2,2,1,Loyal
555480504,0,2,772.3199999999999,2,2,2,Champion
555480606,0,1,130.76,2,2,1,Loyal
555480956,0,1,463.15,2,2,2,Champion
555481122,0,1,506.29,2,2,2,Champion
555481339,0,1,514.76,2,2,2,Champion
555481439,0,1,179.93,2,2,1,Loyal
555482131,0,2,187.36,2,2,1,Loyal
555482389,0,1,710.3,2,2,2,Champion
555482571,0,1,975.57,2,2,2,Champion
555482748,0,1,1205.23,2,2,2,Champion
555482865,0,1,253.31,2,2,1,Loyal
555483043,0,1,286.86,2,2,2,Champion
555483214,0,1,463.31,2,2,2,Champion
555483609,0,2,305.51,2,2,2,Champion
555483766,0,1,295.49,2,2,2,Champion
555484351,0,1,1747.79,2,2,2,Champion
555485154,0,3,538.08,2,2,2,Champion
555485235,0,1,6.34,2,2,1,Loyal
555485239,0,1,38.61,2,2,1,Loyal
555485262,0,1,975.57,2,2,2,Champion
555485382,0,1,957.53,2,2,2,Champion
555485526,0,2,265.16999999999996,2,2,2,Champion
555485978,0,2,955.86,2,2,2,Champion
555486315,0,1,22.39,2,2,1,Loyal
555486480,0,1,560.89,2,2,2,Champion
555486973,0,1,130.76,2,2,1,Loyal
555487042,0,1,1070.8,2,2,2,Champion
555487225,0,1,128.7,2,2,1,Loyal
555487700,0,1,130.76,2,2,1,Loyal
555487757,0,1,95.21,2,2,1,Loyal
555487969,0,1,514.76,2,2,2,Champion
555488183,0,1,254.76,2,2,2,Champion
555488281,0,1,130.76,2,2,1,Loyal
555489165,0,1,197.43,2,2,1,Loyal
555489167,0,1,174.75,2,2,1,Loyal
555489968,0,1,219.84,2,2,1,Loyal
555490290,0,1,135.99,2,2,1,Loyal
555490520,0,1,130.73,2,2,1,Loyal
555490653,0,1,464.08,2,2,2,Champion
555490840,0,1,286.86,2,2,2,Champion
555491013,0,3,882.8,2,2,2,Champion
555491154,0,1,360.08,2,2,2,Champion
555491325,0,2,348.9,2,2,2,Champion
555491408,0,2,852.89,2,2,2,Champion
555491663,0,1,130.76,2,2,1,Loyal
555491739,0,1,256.88,2,2,2,Champion
555491795,0,1,251.74,2,2,1,Loyal
555491997,0,1,2072.1,2,2,2,Champion
555492402,0,1,90.07,2,2,1,Loyal
555492649,0,1,188.73,2,2,1,Loyal
555492720,0,1,161.93,2,2,1,Loyal
555492978,0,1,257.38,2,2,2,Champion
555493007,0,1,197.52,2,2,1,Loyal
555493081,0,1,975.57,2,2,2,Champion
555493103,0,1,185.71,2,2,1,Loyal
555493277,0,2,573.72,2,2,2,Champion
555493397,0,1,51.4,2,2,1,Loyal
555493842,0,1,286.86,2,2,2,Champion
555494166,0,1,203.35,2,2,1,Loyal
555494181,0,1,1205.23,2,2,2,Champion
555494346,0,1,388.68,2,2,2,Champion
555494348,0,2,261.52,2,2,2,Champion
555494365,0,1,388.81,2,2,2,Champion
555494396,0,1,253.33,2,2,1,Loyal
555494671,0,1,134.41,2,2,1,Loyal
555495033,0,2,349.5,2,2,2,Champion
555495062,0,1,237.27,2,2,1,Loyal
555495677,0,1,39.05,2,2,1,Loyal
555495717,0,1,251.74,2,2,1,Loyal
555495752,0,2,1673.66,2,2,2,Champion
555495783,0,2,761.7,2,2,2,Champion
555496314,0,1,386.06,2,2,2,Champion
555496436,0,1,46.33,2,2,1,Loyal
555496464,0,1,254.76,2,2,2,Champion
555497437,0,1,103.08,2,2,1,Loyal
555497533,0,1,133.83,2,2,1,Loyal
555497535,0,1,154.17,2,2,1,Loyal
555497722,0,1,151.35,2,2,1,Loyal
555498052,0,1,254.76,2,2,2,Champion
555498267,0,1,488.82,2,2,2,Champion
555498465,0,1,169.86,2,2,1,Loyal
555498581,0,2,198.29,2,2,1,Loyal
555499442,0,1,46.31,2,2,1,Loyal
555499496,0,1,130.76,2,2,1,Loyal
555499741,0,1,64.33,2,2,1,Loyal
555500138,0,1,130.76,2,2,1,Loyal
555500207,0,1,787.11,2,2,2,Champion
555500273,0,1,174.75,2,2,1,Loyal
555500366,0,1,1205.23,2,2,2,Champion
555500861,0,1,197.52,2,2,1,Loyal
555501369,0,1,278.54,2,2,2,Champion
555501408,0,1,286.86,2,2,2,Champion
555502008,0,1,130.76,2,2,1,Loyal
555502097,0,1,130.76,2,2,1,Loyal
555502113,0,1,41.16,2,2,1,Loyal
555502245,0,1,643.23,2,2,2,Champion
555502246,0,1,735.01,2,2,2,Champion
555502482,0,1,251.94,2,2,1,Loyal
555502610,0,1,153.04,2,2,1,Loyal
555502879,0,1,174.75,2,2,1,Loyal
555502939,0,3,2311.2200000000003,2,2,2,Champion
555503428,0,1,231.64,2,2,1,Loyal
555503463,0,1,286.86,2,2,2,Champion
555503601,0,2,2830.96,2,2,2,Champion
555503819,0,1,33.44,2,2,1,Loyal
555504261,0,1,130.76,2,2,1,Loyal
555504480,0,2,291.71,2,2,2,Champion
555504500,0,2,1564.68,2,2,2,Champion
555504690,0,1,257.15,2,2,2,Champion
555504731,0,1,134.41,2,2,1,Loyal
555504998,0,1,637.85,2,2,2,Champion
555505452,0,1,174.75,2,2,1,Loyal
555505602,0,2,349.53,2,2,2,Champion
555505927,0,2,401.01000000000005,2,2,2,Champion
555505966,0,1,348.53,2,2,2,Champion
555505982,0,1,254.76,2,2,2,Champion
555505985,0,3,621.5999999999999,2,2,2,Champion
555506122,0,1,120.21,2,2,1,Loyal
555506485,0,1,738.61,2,2,2,Champion
555506595,0,1,295.49,2,2,2,Champion
555506634,0,1,174.75,2,2,1,Loyal
555506680,0,1,286.35,2,2,2,Champion
555506712,0,1,514.76,2,2,2,Champion
555506804,0,1,128.68,2,2,1,Loyal
555506947,0,1,33.18,2,2,1,Loyal
555507001,0,1,130.76,2,2,1,Loyal
555507264,0,1,130.76,2,2,1,Loyal
555507271,0,2,506.64,2,2,2,Champion
555507415,0,1,197.52,2,2,1,Loyal
555507750,0,1,128.42,2,2,1,Loyal
555507772,0,2,908.36,2,2,2,Champion
555507882,0,1,464.08,2,2,2,Champion
555507903,0,1,130.92,2,2,1,Loyal
555508042,0,1,130.76,2,2,1,Loyal
555508552,0,1,120.46,2,2,1,Loyal
555508648,0,1,296.62,2,2,2,Champion
555508835,0,1,388.81,2,2,2,Champion
555509031,0,1,383.51,2,2,2,Champion
555509067,0,1,130.76,2,2,1,Loyal
555509071,0,3,392.28,2,2,2,Champion
555509906,0,1,41.16,2,2,1,Loyal
555510014,0,1,179.36,2,2,1,Loyal
555510285,0,1,130.76,2,2,1,Loyal
555510383,0,3,308.13,2,2,2,Champion
555510613,0,1,153.02,2,2,1,Loyal
555510633,0,1,130.76,2,2,1,Loyal
555510706,0,1,130.76,2,2,1,Loyal
555510802,0,1,95.21,2,2,1,Loyal
555510895,0,1,130.76,2,2,1,Loyal
555511160,0,1,179.36,2,2,1,Loyal
555511383,0,1,110.66,2,2,1,Loyal
555511440,0,1,192.76,2,2,1,Loyal
555511514,0,1,130.76,2,2,1,Loyal
555511638,0,1,975.57,2,2,2,Champion
555511728,0,1,203.35,2,2,1,Loyal
555511750,0,1,587.56,2,2,2,Champion
555511872,0,1,445.83,2,2,2,Champion
555511881,0,1,205.5,2,2,1,Loyal
555512048,0,1,975.57,2,2,2,Champion
555512174,0,1,1413.16,2,2,2,Champion
555512413,0,1,45.53,2,2,1,Loyal
555512553,0,3,1005.7,2,2,2,Champion
555512667,0,1,128.68,2,2,1,Loyal
555513645,0,1,251.74,2,2,1,Loyal
555513652,0,1,231.41,2,2,1,Loyal
555513714,0,1,254.76,2,2,2,Champion
555513777,0,1,130.76,2,2,1,Loyal
555513786,0,1,72.05,2,2,1,Loyal
555514085,0,1,360.08,2,2,2,Champion
555514159,0,1,464.08,2,2,2,Champion
555514353,0,1,1205.23,2,2,2,Champion
555514417,0,1,177.44,2,2,1,Loyal
555514656,0,1,89.32,2,2,1,Loyal
555514784,0,1,103.08,2,2,1,Loyal
555514848,0,2,1232.68,2,2,2,Champion
555514854,0,1,102.94,2,2,1,Loyal
555515340,0,1,90.34,2,2,1,Loyal
555515418,0,1,8.21,2,2,1,Loyal
555515562,0,3,1001.11,2,2,2,Champion
555515705,0,1,130.76,2,2,1,Loyal
555515724,0,1,975.56,2,2,2,Champion
555515926,0,2,44.78,2,2,1,Loyal
555515965,0,1,130.62,2,2,1,Loyal
555516031,0,1,1012.19,2,2,2,Champion
555516089,0,4,2588.75,2,2,2,Champion
555516192,0,1,130.76,2,2,1,Loyal
555516223,0,1,76.96,2,2,1,Loyal
555516371,0,1,579.14,2,2,2,Champion
555516886,0,1,203.35,2,2,1,Loyal
555516951,0,1,422.09,2,2,2,Champion
555516981,0,1,130.76,2,2,1,Loyal
555517151,0,1,43.5,2,2,1,Loyal
555517358,0,1,975.57,2,2,2,Champion
555517459,0,1,254.76,2,2,2,Champion
555517464,0,3,860.58,2,2,2,Champion
555517895,0,2,190.42,2,2,1,Loyal
555517964,0,1,278.54,2,2,2,Champion
555518108,0,1,787.11,2,2,2,Champion
555518287,0,1,885.07,2,2,2,Champion
555518705,0,4,3403.69,2,2,2,Champion
555518756,0,1,95.17,2,2,1,Loyal
555519116,0,1,174.75,2,2,1,Loyal
555519176,0,1,1205.23,2,2,2,Champion
555519255,0,1,395.1,2,2,2,Champion
555519288,0,2,385.46,2,2,2,Champion
555519389,0,1,241.18,2,2,1,Loyal
555519800,0,2,623.68,2,2,2,Champion
555519864,0,1,464.08,2,2,2,Champion
555520193,0,1,179.36,2,2,1,Loyal
555520340,0,1,130.76,2,2,1,Loyal
555520378,0,2,395.04,2,2,2,Champion
555521084,0,1,975.56,2,2,2,Champion
555521560,0,1,203.35,2,2,1,Loyal
555521571,0,1,957.53,2,2,2,Champion
555521632,0,1,201.43,2,2,1,Loyal
555521765,0,1,486.47,2,2,2,Champion
555522019,0,1,130.7,2,2,1,Loyal
555522097,0,1,200.52,2,2,1,Loyal
555522124,0,1,4.02,2,2,1,Loyal
555522152,0,1,130.76,2,2,1,Loyal
555522193,0,2,261.52,2,2,2,Champion
555522867,0,2,482.36,2,2,2,Champion
555523157,0,2,274.58,2,2,2,Champion
555523402,0,3,677.0899999999999,2,2,2,Champion
555523507,0,1,161.93,2,2,1,Loyal
555523633,0,1,254.26,2,2,1,Loyal
555523662,0,1,1206.78,2,2,2,Champion
555523825,0,2,2154.2200000000003,2,2,2,Champion
555523897,0,7,1630.5,2,2,2,Champion
555524079,0,1,236.79,2,2,1,Loyal
555524167,0,9,2589.72,2,2,2,Champion
555524525,0,1,154.42,2,2,1,Loyal
555524716,0,1,248.62,2,2,1,Loyal
555524859,0,6,6016.79,2,2,2,Champion
555525280,0,1,257.2,2,2,2,Champion
555525622,0,1,130.7,2,2,1,Loyal
555525756,0,1,94.97,2,2,1,Loyal
555526128,0,1,514.76,2,2,2,Champion
555526640,0,1,375.79,2,2,2,Champion
555526738,0,1,154.16,2,2,1,Loyal
555526896,0,2,308.72,2,2,2,Champion
555527194,0,1,130.7,2,2,1,Loyal
555527378,0,1,636.05,2,2,2,Champion
555528211,0,1,437.57,2,2,2,Champion
555528260,0,1,130.7,2,2,1,Loyal
555528380,0,1,154.39,2,2,1,Loyal
555528422,0,1,177.44,2,2,1,Loyal
555528582,0,1,539.07,2,2,2,Champion
555528707,0,1,278.54,2,2,2,Champion
555528769,0,3,794.88,2,2,2,Champion
555529004,0,1,975.56,2,2,2,Champion
555529056,0,1,154.36,2,2,1,Loyal
555529170,0,1,286.86,2,2,2,Champion
555529377,0,1,30.86,2,2,1,Loyal
555529562,0,1,160.85,2,2,1,Loyal
555529581,0,1,130.7,2,2,1,Loyal
555529692,0,1,174.45,2,2,1,Loyal
555529702,0,1,144.12,2,2,1,Loyal
555529779,0,1,823.68,2,2,2,Champion
555529874,0,1,817.54,2,2,2,Champion
555530125,0,1,241.18,2,2,1,Loyal
555530207,0,2,261.4,2,2,2,Champion
555530251,0,1,69.47,2,2,1,Loyal
555530487,0,1,203.35,2,2,1,Loyal
555530533,0,1,185.7,2,2,1,Loyal
555530585,0,1,197.43,2,2,1,Loyal
555531378,0,1,89.84,2,2,1,Loyal
555531823,0,1,174.45,2,2,1,Loyal
555532475,0,1,130.7,2,2,1,Loyal
555532546,0,1,27.08,2,2,1,Loyal
555532856,0,1,154.39,2,2,1,Loyal
555533473,0,3,569.46,2,2,2,Champion
555533478,0,1,175.76,2,2,1,Loyal
555533685,0,1,965.02,2,2,2,Champion
555533902,0,1,975.57,2,2,2,Champion
555533923,0,1,286.86,2,2,2,Champion
555534241,0,1,254.26,2,2,1,Loyal
555534362,0,1,169.86,2,2,1,Loyal
555534371,0,1,376.84,2,2,2,Champion
555534409,0,1,257.15,2,2,2,Champion
555534997,0,1,286.86,2,2,2,Champion
555535517,0,1,130.7,2,2,1,Loyal
555535536,0,1,130.7,2,2,1,Loyal
555535972,0,1,395.1,2,2,2,Champion
555536078,0,1,64.08,2,2,1,Loyal
555536353,0,1,130.7,2,2,1,Loyal
555536716,0,5,786.05,2,2,2,Champion
555536844,0,4,1350.31,2,2,2,Champion
555536940,0,1,254.26,2,2,1,Loyal
555537338,0,1,111.79,2,2,1,Loyal
555537420,0,2,1153.94,2,2,2,Champion
555537430,0,1,308.63,2,2,2,Champion
555537696,0,1,174.45,2,2,1,Loyal
555537854,0,1,282.2,2,2,2,Champion
555537922,0,1,385.85,2,2,2,Champion
555538449,0,1,286.35,2,2,2,Champion
555538455,0,2,285.68,2,2,2,Champion
555538503,0,1,154.36,2,2,1,Loyal
555538521,0,1,122.01,2,2,1,Loyal
555538567,0,2,180.08,2,2,1,Loyal
555538768,0,2,432.39,2,2,2,Champion
555539154,0,1,130.7,2,2,1,Loyal
555539322,0,1,254.26,2,2,1,Loyal
555539325,0,1,174.45,2,2,1,Loyal
555539575,0,1,94.97,2,2,1,Loyal
555539739,0,1,175.76,2,2,1,Loyal
555539992,0,1,254.26,2,2,1,Loyal
555540072,0,1,130.7,2,2,1,Loyal
555540710,0,1,204.51,2,2,1,Loyal
555541191,0,1,254.26,2,2,1,Loyal
555541742,0,1,254.26,2,2,1,Loyal
555541861,0,1,189.82,2,2,1,Loyal
555542144,0,2,869.0899999999999,2,2,2,Champion
555542171,0,1,15.03,2,2,1,Loyal
555542681,0,1,136.17,2,2,1,Loyal
555542798,0,1,286.86,2,2,2,Champion
555543239,0,1,1013.15,2,2,2,Champion
555543544,0,1,161.93,2,2,1,Loyal
555543550,0,1,130.7,2,2,1,Loyal
555543593,0,1,1205.18,2,2,2,Champion
555543743,0,1,130.7,2,2,1,Loyal
555543775,0,1,177.44,2,2,1,Loyal
555543833,0,1,103.08,2,2,1,Loyal
555544155,0,1,360.08,2,2,2,Champion
555544209,0,1,254.26,2,2,1,Loyal
555544246,0,2,394.86,2,2,2,Champion
555544528,0,1,174.45,2,2,1,Loyal
555544673,0,1,130.7,2,2,1,Loyal
555544742,0,1,975.56,2,2,2,Champion
555544876,0,1,254.26,2,2,1,Loyal
555544925,0,1,1178.49,2,2,2,Champion
555545064,0,1,310.37,2,2,2,Champion
555545242,0,7,2597.75,2,2,2,Champion
555545407,0,1,167.21,2,2,1,Loyal
555545746,0,1,587.53,2,2,2,Champion
555545753,0,1,385.59,2,2,2,Champion
555545783,0,1,539.07,2,2,2,Champion
555545838,0,1,175.76,2,2,1,Loyal
555546225,0,1,76.96,2,2,1,Loyal
555546420,0,1,174.45,2,2,1,Loyal
555546811,0,1,1634.51,2,2,2,Champion
555546913,0,2,573.72,2,2,2,Champion
555547110,0,1,1052.79,2,2,2,Champion
555547176,0,1,154.42,2,2,1,Loyal
555547447,0,1,189.82,2,2,1,Loyal
555547791,0,1,130.7,2,2,1,Loyal
555547803,0,2,532.8,2,2,2,Champion
555548092,0,1,975.57,2,2,2,Champion
555548183,0,1,738.39,2,2,2,Champion
555548580,0,1,286.68,2,2,2,Champion
555548598,0,1,278.54,2,2,2,Champion
555548840,0,1,254.26,2,2,1,Loyal
555548884,0,1,77.2,2,2,1,Loyal
555549647,0,1,197.43,2,2,1,Loyal
555549897,0,1,464.06,2,2,2,Champion
555550026,0,1,174.45,2,2,1,Loyal
555550063,0,1,12.84,2,2,1,Loyal
555550108,0,1,254.26,2,2,1,Loyal
555550335,0,1,110.24,2,2,1,Loyal
555550709,0,1,733.81,2,2,2,Champion
555551069,0,1,1093.95,2,2,2,Champion
555551093,0,1,360.08,2,2,2,Champion
555551119,0,1,506.29,2,2,2,Champion
555551581,0,2,267.13,2,2,2,Champion
555551613,0,1,130.73,2,2,1,Loyal
555551749,0,1,130.7,2,2,1,Loyal
555551770,0,2,1049.9299999999998,2,2,2,Champion
555552048,0,1,182.99,2,2,1,Loyal
555552320,0,1,185.7,2,2,1,Loyal
555552817,0,1,463.26,2,2,2,Champion
555553089,0,1,1776.11,2,2,2,Champion
555553134,0,1,65.61,2,2,1,Loyal
555553434,0,1,286.86,2,2,2,Champion
555553515,0,2,1574.18,2,2,2,Champion
555553617,0,1,483.49,2,2,2,Champion
555553919,0,2,672.94,2,2,2,Champion
555553953,0,1,203.35,2,2,1,Loyal
555555207,0,2,225.90999999999997,2,2,1,Loyal
555555807,0,1,241.18,2,2,1,Loyal
555555894,0,2,210.46,2,2,1,Loyal
555556237,0,1,637.85,2,2,2,Champion
555556612,0,1,514.76,2,2,2,Champion
555556747,0,1,130.7,2,2,1,Loyal
555557143,0,1,286.35,2,2,2,Champion
555557270,0,1,179.35,2,2,1,Loyal
555557656,0,2,261.4,2,2,2,Champion
555557700,0,1,253.31,2,2,1,Loyal
555557742,0,1,254.26,2,2,1,Loyal
555557750,0,1,1013.18,2,2,2,Champion
555557881,0,2,261.4,2,2,2,Champion
555558424,0,1,764.45,2,2,2,Champion
555558618,0,1,130.73,2,2,1,Loyal
555558765,0,1,1158.05,2,2,2,Champion
555558897,0,3,2312.57,2,2,2,Champion
555559026,0,1,810.57,2,2,2,Champion
555559123,0,1,130.7,2,2,1,Loyal
555559235,0,1,643.26,2,2,2,Champion
555559398,0,1,174.45,2,2,1,Loyal
555559446,0,1,230.89,2,2,1,Loyal
555559550,0,1,514.76,2,2,2,Champion
555560072,0,1,121.5,2,2,1,Loyal
555560218,0,1,506.29,2,2,2,Champion
555560297,0,1,514.76,2,2,2,Champion
555560362,0,1,693.94,2,2,2,Champion
555560431,0,1,120.45,2,2,1,Loyal
555560597,0,1,286.86,2,2,2,Champion
555561254,0,1,59.13,2,2,1,Loyal
555561409,0,1,4.02,2,2,1,Loyal
555561614,0,1,336.95,2,2,2,Champion
555561722,0,1,965.02,2,2,2,Champion
555561791,0,1,230.89,2,2,1,Loyal
555561884,0,1,787.09,2,2,2,Champion
555561979,0,1,130.7,2,2,1,Loyal
555562019,0,1,975.56,2,2,2,Champion
555562160,0,1,95.21,2,2,1,Loyal
555562185,0,2,508.52,2,2,2,Champion
555562216,0,1,975.56,2,2,2,Champion
555562224,0,5,1089.4,2,2,2,Champion
555562413,0,2,1460.04,2,2,2,Champion
555562636,0,1,1747.79,2,2,2,Champion
555562726,0,1,422.09,2,2,2,Champion
555563035,0,1,110.34,2,2,1,Loyal
555563333,0,1,102.45,2,2,1,Loyal
555563617,0,1,254.26,2,2,1,Loyal
555563635,0,3,1234.74,2,2,2,Champion
555563699,0,1,157.28,2,2,1,Loyal
555563985,0,1,130.7,2,2,1,Loyal
555563994,0,1,130.92,2,2,1,Loyal
555564173,0,1,460.5,2,2,2,Champion
555564408,0,1,506.29,2,2,2,Champion
555564447,0,1,130.7,2,2,1,Loyal
555564520,0,1,617.0,2,2,2,Champion
555564534,0,1,58.86,2,2,1,Loyal
555564810,0,1,25.71,2,2,1,Loyal
555564837,0,1,253.33,2,2,1,Loyal
555564901,0,1,308.65,2,2,2,Champion
555565048,0,1,214.85,2,2,1,Loyal
555565060,0,1,19.84,2,2,1,Loyal
555565193,0,1,203.35,2,2,1,Loyal
555565289,0,1,130.7,2,2,1,Loyal
555565292,0,1,174.45,2,2,1,Loyal
555565413,0,1,130.7,2,2,1,Loyal
555565428,0,1,388.43,2,2,2,Champion
555565531,0,1,169.71,2,2,1,Loyal
555565635,0,1,89.32,2,2,1,Loyal
555565740,0,1,286.35,2,2,2,Champion
555566276,0,1,66.9,2,2,1,Loyal
555566382,0,1,975.56,2,2,2,Champion
555566680,0,1,603.49,2,2,2,Champion
555566809,0,1,1415.48,2,2,2,Champion
555566917,0,2,1420.5,2,2,2,Champion
555566945,0,1,965.02,2,2,2,Champion
555568662,0,1,130.7,2,2,1,Loyal
555568704,0,2,1574.18,2,2,2,Champion
555568871,0,1,286.86,2,2,2,Champion
555568920,0,1,395.2,2,2,2,Champion
555568976,0,1,203.35,2,2,1,Loyal
555569066,0,1,130.7,2,2,1,Loyal
555569486,0,1,254.26,2,2,1,Loyal
555569628,0,1,286.86,2,2,2,Champion
555570117,0,3,633.4200000000001,2,2,2,Champion
555570135,0,1,253.31,2,2,1,Loyal
555570949,0,1,360.08,2,2,2,Champion
555571418,0,1,130.7,2,2,1,Loyal
555571434,0,2,508.52,2,2,2,Champion
555573410,0,1,23.14,2,2,1,Loyal
555573827,0,3,1081.3899999999999,2,2,2,Champion
555573926,0,2,1253.15,2,2,2,Champion
555574149,0,1,253.33,2,2,1,Loyal
555575193,0,1,59.29,2,2,1,Loyal
555575357,0,1,185.7,2,2,1,Loyal
555575360,0,1,130.7,2,2,1,Loyal
555575614,0,1,975.56,2,2,2,Champion
555575779,0,2,1713.9499999999998,2,2,2,Champion
555575833,0,1,179.35,2,2,1,Loyal
555576208,0,2,928.12,2,2,2,Champion
555576279,0,2,74.13,2,2,1,Loyal
555576437,0,1,1093.95,2,2,2,Champion
555576477,0,2,508.52,2,2,2,Champion
555576815,0,1,130.62,2,2,1,Loyal
555576822,0,1,43.22,2,2,1,Loyal
555576833,0,2,1495.0,2,2,2,Champion
555576936,0,1,241.18,2,2,1,Loyal
555577129,0,1,171.57,2,2,1,Loyal
555577395,0,2,261.4,2,2,2,Champion
555577415,0,1,68.0,2,2,1,Loyal
555577680,0,1,423.95,2,2,2,Champion
555577716,0,1,286.86,2,2,2,Champion
555577852,0,1,248.62,2,2,1,Loyal
555578126,0,1,885.07,2,2,2,Champion
555578278,0,1,174.45,2,2,1,Loyal
555578342,0,1,130.7,2,2,1,Loyal
555578904,0,2,220.27,2,2,1,Loyal
555578939,0,1,29.6,2,2,1,Loyal
555579210,0,1,514.79,2,2,2,Champion
555579254,0,1,1634.51,2,2,2,Champion
555579413,0,1,1541.87,2,2,2,Champion
555579503,0,1,174.45,2,2,1,Loyal
555579866,0,1,388.43,2,2,2,Champion
555580445,0,1,738.39,2,2,2,Champion
555580462,0,1,118.26,2,2,1,Loyal
555580934,0,2,457.87,2,2,2,Champion
555581060,0,1,787.09,2,2,2,Champion
555581123,0,1,463.31,2,2,2,Champion
555581464,0,1,174.46,2,2,1,Loyal
